timestamp_us,raw
85176900,1899.0
85178900,1901.0
85180900,1898.0
85182900,1919.0
85184900,1898.0
85186900,1893.0
85188900,1903.0
85190900,1904.0
85192900,1898.0
85194900,1897.0
85196900,1901.0
85198900,1899.0
85200899,1902.0
85202900,1901.0
85204900,1894.0
85206900,1899.0
85208900,1893.0
85210900,1903.0
85212900,1904.0
85214900,1897.0
85216900,1899.0
85218900,1899.0
85220899,1903.0
85222900,1888.0
85224900,1896.0
85226900,1904.0
85228899,1904.0
85230900,1904.0
85232900,1891.0
85234900,1904.0
85236900,1909.0
85238900,1910.0
85240899,1907.0
85242900,1918.0
85244900,1915.0
85246899,1931.0
85248900,1911.0
85250900,1917.0
85252900,1910.0
85254900,1906.0
85256899,1911.0
85258900,1916.0
85260899,1877.0
85262899,1906.0
85264900,1905.0
85266900,1904.0
85268900,1901.0
85270900,1898.0
85272900,1901.0
85274900,1936.0
85276900,1893.0
85278900,1897.0
85280900,1897.0
85282900,1902.0
85284899,1892.0
85286900,1901.0
85288900,1898.0
85290900,1898.0
85292900,1901.0
85294899,1898.0
85296900,1882.0
85298900,1915.0
85300900,1907.0
85302900,1888.0
85304899,1904.0
85306900,1890.0
85308899,1903.0
85310900,1899.0
85312900,1854.0
85314900,1855.0
85316899,1894.0
85318899,1897.0
85320900,1887.0
85322900,1890.0
85324900,1895.0
85326900,1899.0
85328900,1909.0
85330900,1899.0
85332900,1906.0
85334900,1904.0
85336900,1904.0
85338900,1799.0
85340900,1926.0
85342900,1924.0
85344900,1797.0
85346899,2003.0
85348900,1919.0
85350900,1915.0
85352900,1911.0
85354900,1872.0
85356900,1913.0
85358900,1889.0
85360900,1910.0
85362900,1906.0
85364900,1921.0
85366900,1899.0
85368900,1901.0
85370900,1902.0
85372900,1898.0
85374900,1898.0
85376900,1904.0
85378900,1900.0
85380900,1910.0
85382900,1936.0
85384900,1894.0
85386900,1904.0
85388899,1903.0
85390900,1902.0
85392899,1898.0
85394900,1894.0
85396900,1914.0
85398899,1885.0
85400900,1909.0
85402900,1904.0
85404900,1902.0
85406900,1865.0
85408899,1873.0
85410900,1903.0
85412900,1883.0
85414900,1899.0
85416900,1918.0
85418899,1913.0
85420900,1899.0
85422900,1955.0
85424900,1883.0
85426900,1878.0
85428900,1903.0
85430900,1899.0
85432900,1899.0
85434900,1927.0
85436900,1892.0
85438899,1911.0
85440900,1918.0
85442900,1910.0
85444899,1937.0
85446900,1919.0
85448900,1915.0
85450899,1910.0
85452900,1911.0
85454899,1920.0
85456900,1917.0
85458900,1925.0
85460900,1916.0
85462900,1918.0
85464900,1945.0
85466900,1904.0
85468900,1861.0
85470900,1856.0
85472900,1888.0
85474900,1852.0
85476900,1900.0
85478900,1883.0
85480899,1907.0
85482900,1901.0
85484900,1898.0
85486900,1835.0
85488900,1847.0
85490900,1866.0
85492900,1881.0
85494899,1913.0
85496900,1902.0
85498900,1875.0
85500900,1853.0
85502900,1843.0
85504900,1947.0
85506900,1887.0
85508900,1873.0
85510900,1913.0
85512900,1904.0
85514900,1932.0
85516900,1918.0
85518899,1908.0
85520900,1911.0
85522900,1911.0
85524900,1907.0
85526900,1909.0
85528900,1902.0
85530900,1899.0
85532900,1889.0
85534900,1906.0
85536899,1912.0
85538900,1923.0
85540900,1914.0
85542900,1922.0
85544900,1883.0
85546900,1906.0
85548900,1910.0
85550900,1901.0
85552899,1910.0
85554900,1911.0
85556900,1905.0
85558900,1907.0
85560900,1889.0
85562900,1918.0
85564900,1903.0
85566900,1915.0
85568900,1918.0
85570900,1893.0
85572899,1898.0
85574900,1884.0
85576900,1898.0
85578899,1899.0
85580900,1914.0
85582900,1899.0
85584899,1891.0
85586900,1882.0
85588900,1899.0
85590900,1899.0
85592899,1898.0
85594900,1904.0
85596900,1896.0
85598900,1907.0
85600900,1893.0
85602900,1904.0
85604899,1903.0
85606900,1901.0
85608900,1897.0
85610899,1899.0
85612900,1918.0
85614899,1898.0
85616899,1902.0
85618900,1903.0
85620900,1904.0
85622900,1902.0
85624900,1901.0
85626900,1879.0
85628900,1904.0
85630900,1905.0
85632900,1904.0
85634900,1907.0
85636900,1933.0
85638900,1900.0
85640900,1914.0
85642900,1910.0
85644900,1904.0
85646900,1911.0
85648900,1917.0
85650900,1919.0
85652900,1922.0
85654900,1888.0
85656900,1910.0
85658900,1918.0
85660899,1911.0
85662900,1905.0
85664899,1911.0
85666900,1899.0
85668900,1902.0
85670900,1904.0
85672899,1904.0
85674900,1903.0
85676900,1901.0
85678900,1900.0
85680900,1905.0
85682900,1906.0
85684900,1898.0
85686900,1904.0
85688900,1894.0
85690900,1894.0
85692900,1902.0
85694900,1900.0
85696900,1899.0
85698900,1900.0
85700900,1903.0
85702900,1897.0
85704899,1897.0
85706900,1902.0
85708900,1903.0
85710899,1903.0
85712900,1899.0
85714900,1900.0
85716899,1891.0
85718900,1900.0
85720900,1903.0
85722900,1901.0
85724900,1903.0
85726900,1887.0
85728900,1901.0
85730900,1906.0
85732900,1905.0
85734900,1910.0
85736900,1907.0
85738900,1915.0
85740900,1919.0
85742900,1905.0
85744900,1917.0
85746900,1918.0
85748900,1904.0
85750900,1913.0
85752899,1914.0
85754900,1913.0
85756900,1906.0
85758900,1917.0
85760900,1906.0
85762900,1909.0
85764900,1907.0
85766900,1911.0
85768900,1898.0
85770900,1904.0
85772900,1903.0
85774900,1894.0
85776900,1896.0
85778900,1895.0
85780900,1901.0
85782900,1904.0
85784900,1890.0
85786900,1906.0
85788900,1889.0
85790900,1897.0
85792900,1900.0
85794900,1898.0
85796900,1914.0
85798900,1901.0
85800900,1895.0
85802899,1890.0
85804900,1907.0
85806900,1899.0
85808900,1901.0
85810900,1902.0
85812900,1911.0
85814900,1904.0
85816900,1902.0
85818900,1903.0
85820900,1899.0
85822900,1887.0
85824900,1904.0
85826900,1901.0
85828900,1903.0
85830900,1905.0
85832900,1915.0
85834900,1906.0
85836900,1907.0
85838900,1907.0
85840900,1905.0
85842900,1911.0
85844899,1919.0
85846899,1915.0
85848899,1911.0
85850900,1917.0
85852900,1911.0
85854900,1914.0
85856900,1910.0
85858900,1915.0
85860900,1921.0
85862899,1904.0
85864900,1901.0
85866899,1906.0
85868900,1905.0
85870900,1899.0
85872900,1906.0
85874900,1907.0
85876900,1899.0
85878900,1898.0
85880900,1903.0
85882900,1902.0
85884900,1899.0
85886900,1895.0
85888899,1911.0
85890900,1905.0
85892900,1898.0
85894900,1907.0
85896900,1903.0
85898900,1896.0
85900899,1900.0
85902900,1902.0
85904900,1895.0
85906900,1911.0
85908900,1907.0
85910900,1899.0
85912900,1904.0
85914900,1901.0
85916900,1893.0
85918900,1900.0
85920900,1907.0
85922900,1895.0
85924900,1908.0
85926900,1905.0
85928900,1902.0
85930900,1904.0
85932900,1907.0
85934900,1914.0
85936900,1907.0
85938900,1917.0
85940900,1911.0
85942900,1917.0
85944900,1917.0
85946900,1909.0
85948900,1920.0
85950900,1920.0
85952900,1918.0
85954900,1911.0
85956900,1912.0
85958900,1907.0
85960899,1914.0
85962900,1911.0
85964900,1904.0
85966900,1902.0
85968900,1904.0
85970900,1889.0
85972900,1899.0
85974900,1900.0
85976900,1898.0
85978899,1899.0
85980900,1901.0
85982900,1903.0
85984900,1894.0
85986900,1894.0
85988900,1904.0
85990900,1890.0
85992899,1872.0
85994900,1898.0
85996900,1894.0
85998900,1899.0
86000899,1900.0
86002900,1891.0
86004900,1899.0
86006900,1898.0
86008900,1897.0
86010900,1900.0
86012900,1899.0
86014900,1898.0
86016900,1899.0
86018900,1901.0
86020900,1897.0
86022900,1904.0
86024900,1901.0
86026900,1902.0
86028900,1904.0
86030900,1904.0
86032900,1906.0
86034899,1903.0
86036900,1909.0
86038900,1904.0
86040900,1911.0
86042899,1907.0
86044900,1914.0
86046899,1914.0
86048900,1911.0
86050900,1910.0
86052899,1917.0
86054900,1914.0
86056900,1906.0
86058900,1909.0
86060900,1905.0
86062900,1905.0
86064900,1904.0
86066900,1908.0
86068899,1904.0
86070900,1900.0
86072900,1895.0
86074900,1893.0
86076900,1898.0
86078900,1892.0
86080900,1903.0
86082900,1901.0
86084899,1895.0
86086900,1902.0
86088900,1898.0
86090900,1899.0
86092900,1904.0
86094900,1891.0
86096900,1899.0
86098900,1899.0
86100900,1904.0
86102899,1902.0
86104899,1895.0
86106900,1898.0
86108900,1898.0
86110900,1893.0
86112900,1895.0
86114900,1904.0
86116899,1947.0
86118900,1900.0
86120899,1897.0
86122900,1905.0
86124900,1939.0
86126899,1904.0
86128900,1893.0
86130900,1904.0
86132900,1904.0
86134900,1901.0
86136899,1890.0
86138900,1910.0
86140900,1953.0
86142900,1934.0
86144900,1935.0
86146899,1915.0
86148900,1920.0
86150900,1906.0
86152899,1939.0
86154900,1913.0
86156900,1904.0
86158900,1951.0
86160900,1906.0
86162899,1913.0
86164900,1904.0
86166900,1904.0
86168900,1903.0
86170900,1893.0
86172900,1890.0
86174900,1932.0
86176900,1862.0
86178900,1901.0
86180900,1888.0
86182900,1818.0
86184900,1891.0
86186900,1889.0
86188900,1906.0
86190900,1899.0
86192900,1894.0
86194900,1890.0
86196900,1871.0
86198900,1936.0
86200900,1879.0
86202900,1930.0
86204900,1875.0
86206900,1903.0
86208900,1863.0
86210900,1895.0
86212900,1907.0
86214900,1902.0
86216900,1947.0
86218900,1813.0
86220900,1922.0
86222900,1899.0
86224900,1873.0
86226900,1903.0
86228900,1902.0
86230900,1902.0
86232900,1937.0
86234900,1901.0
86236900,1908.0
86238900,2060.0
86240900,1922.0
86242900,1911.0
86244900,1863.0
86246900,1910.0
86248900,1913.0
86250900,1938.0
86252900,1915.0
86254900,1950.0
86256900,1915.0
86258900,1910.0
86260900,1919.0
86262899,1911.0
86264900,1904.0
86266900,1904.0
86268900,1897.0
86270900,1904.0
86272900,1897.0
86274900,1909.0
86276900,1897.0
86278900,1899.0
86280900,1910.0
86282900,1902.0
86284900,1897.0
86286900,1920.0
86288900,1879.0
86290900,1904.0
86292899,1913.0
86294900,1909.0
86296900,1872.0
86298900,1904.0
86300900,1917.0
86302900,1897.0
86304899,1901.0
86306900,1922.0
86308900,1910.0
86310900,1915.0
86312900,1897.0
86314900,1911.0
86316900,1899.0
86318900,1875.0
86320900,1901.0
86322900,1904.0
86324900,1921.0
86326900,1901.0
86328900,1892.0
86330900,1913.0
86332900,1919.0
86334900,1917.0
86336900,1979.0
86338900,1895.0
86340900,1911.0
86342900,1871.0
86344900,1921.0
86346899,1897.0
86348900,1935.0
86350899,1891.0
86352900,1911.0
86354900,1891.0
86356899,1905.0
86358900,1936.0
86360900,1905.0
86362900,1895.0
86364900,1910.0
86366900,1904.0
86368900,1901.0
86370900,1898.0
86372900,1910.0
86374900,1909.0
86376900,1902.0
86378900,1889.0
86380899,1886.0
86382899,1898.0
86384900,1904.0
86386900,1898.0
86388900,1984.0
86390900,1904.0
86392900,1889.0
86394900,1904.0
86396900,1907.0
86398900,1879.0
86400900,1888.0
86402900,1936.0
86404900,1887.0
86406900,1875.0
86408900,1899.0
86410900,1899.0
86412900,1898.0
86414900,1886.0
86416900,1899.0
86418900,1897.0
86420900,1891.0
86422900,1904.0
86424900,1899.0
86426900,1902.0
86428900,1898.0
86430900,1906.0
86432900,1902.0
86434900,1913.0
86436900,1931.0
86438900,1904.0
86440900,1911.0
86442900,1913.0
86444900,1910.0
86446900,1904.0
86448900,1915.0
86450899,1913.0
86452900,1906.0
86454900,1909.0
86456899,1910.0
86458900,1907.0
86460900,1903.0
86462900,1915.0
86464900,1910.0
86466900,1896.0
86468900,1899.0
86470900,1903.0
86472900,1920.0
86474900,1904.0
86476900,1873.0
86478900,1900.0
86480900,1894.0
86482900,1900.0
86484900,1891.0
86486900,1899.0
86488900,1904.0
86490900,1897.0
86492900,1894.0
86494900,1898.0
86496900,1891.0
86498900,1902.0
86500900,1925.0
86502900,1898.0
86504900,1887.0
86506900,1903.0
86508900,1903.0
86510900,1891.0
86512899,1903.0
86514899,1894.0
86516900,1903.0
86518900,1891.0
86520900,1899.0
86522900,1904.0
86524900,1904.0
86526900,1897.0
86528900,1893.0
86530900,1890.0
86532900,1904.0
86534900,1907.0
86536900,1908.0
86538900,1914.0
86540899,1910.0
86542900,1916.0
86544900,1890.0
86546900,1919.0
86548900,1916.0
86550900,1907.0
86552900,1914.0
86554900,1909.0
86556900,1913.0
86558900,1904.0
86560900,1909.0
86562900,1904.0
86564899,1903.0
86566900,1904.0
86568900,1889.0
86570900,1903.0
86572900,1902.0
86574900,1895.0
86576900,1906.0
86578900,1898.0
86580900,1903.0
86582900,1896.0
86584900,1902.0
86586900,1901.0
86588900,1901.0
86590900,1893.0
86592900,1900.0
86594900,1897.0
86596900,1901.0
86598900,1898.0
86600900,1901.0
86602900,1897.0
86604900,1904.0
86606900,1897.0
86608900,1904.0
86610900,1898.0
86612900,1900.0
86614900,1894.0
86616900,1894.0
86618900,1904.0
86620900,1904.0
86622900,1894.0
86624900,1910.0
86626900,1908.0
86628900,1908.0
86630900,1898.0
86632900,1904.0
86634900,1909.0
86636899,1907.0
86638900,1922.0
86640900,1905.0
86642900,1915.0
86644900,1915.0
86646900,1918.0
86648900,1919.0
86650900,1915.0
86652900,1911.0
86654900,1923.0
86656900,1914.0
86658900,1921.0
86660899,1924.0
86662900,1904.0
86664899,1902.0
86666900,1907.0
86668900,1903.0
86670900,1904.0
86672900,1889.0
86674900,1901.0
86676900,1902.0
86678900,1903.0
86680900,1899.0
86682900,1913.0
86684900,1904.0
86686900,1891.0
86688900,1895.0
86690900,1897.0
86692900,1899.0
86694900,1905.0
86696900,1904.0
86698900,1899.0
86700900,1904.0
86702900,1903.0
86704900,1903.0
86706900,1903.0
86708900,1897.0
86710900,1904.0
86712900,1904.0
86714900,1898.0
86716900,1904.0
86718900,1888.0
86720899,1920.0
86722900,1897.0
86724900,1904.0
86726900,1904.0
86728900,1903.0
86730900,1898.0
86732900,1893.0
86734900,1904.0
86736900,1913.0
86738900,1915.0
86740900,1910.0
86742899,1904.0
86744900,1920.0
86746900,1911.0
86748900,1904.0
86750900,1906.0
86752900,1914.0
86754900,1911.0
86756899,1913.0
86758900,1905.0
86760900,1914.0
86762899,1903.0
86764900,1904.0
86766900,1900.0
86768900,1904.0
86770900,1894.0
86772900,1899.0
86774900,1892.0
86776900,1894.0
86778900,1894.0
86780900,1898.0
86782899,1895.0
86784899,1905.0
86786900,1902.0
86788900,1898.0
86790900,1907.0
86792900,1895.0
86794899,1898.0
86796900,1893.0
86798900,1903.0
86800900,1906.0
86802900,1888.0
86804900,1901.0
86806900,1901.0
86808900,1902.0
86810899,1898.0
86812900,1899.0
86814900,1904.0
86816900,1904.0
86818900,1899.0
86820900,1900.0
86822900,1898.0
86824899,1899.0
86826900,1904.0
86828900,1899.0
86830900,1904.0
86832900,1914.0
86834900,1898.0
86836900,1907.0
86838899,1910.0
86840900,1913.0
86842900,1917.0
86844899,1904.0
86846900,1915.0
86848900,1914.0
86850900,1917.0
86852900,1917.0
86854900,1915.0
86856900,1916.0
86858900,1909.0
86860900,1911.0
86862900,1908.0
86864900,1904.0
86866900,1904.0
86868899,1904.0
86870900,1902.0
86872900,1904.0
86874900,1906.0
86876900,1895.0
86878899,1895.0
86880900,1914.0
86882900,1899.0
86884899,1902.0
86886900,1895.0
86888900,1903.0
86890899,1898.0
86892900,1902.0
86894900,1899.0
86896900,1901.0
86898899,1904.0
86900900,1903.0
86902899,1900.0
86904899,1899.0
86906900,1899.0
86908900,1895.0
86910899,1901.0
86912900,1893.0
86914900,1911.0
86916900,1898.0
86918900,1899.0
86920900,1899.0
86922900,1900.0
86924900,1907.0
86926899,1901.0
86928900,1904.0
86930900,1904.0
86932900,1906.0
86934900,1904.0
86936899,1911.0
86938900,1906.0
86940900,1914.0
86942900,1920.0
86944899,1925.0
86946899,1920.0
86948900,1914.0
86950900,1916.0
86952900,1910.0
86954900,1890.0
86956899,1920.0
86958900,1908.0
86960900,1900.0
86962900,1907.0
86964900,1906.0
86966900,1911.0
86968900,1904.0
86970900,1902.0
86972900,1904.0
86974900,1901.0
86976900,1902.0
86978900,1903.0
86980900,1901.0
86982900,1903.0
86984900,1901.0
86986900,1901.0
86988900,1897.0
86990900,1901.0
86992900,1898.0
86994900,1907.0
86996899,1899.0
86998900,1888.0
87000900,1902.0
87002899,1921.0
87004900,1899.0
87006900,1904.0
87008899,1891.0
87010900,1910.0
87012899,1895.0
87014900,1888.0
87016900,1919.0
87018900,1898.0
87020900,1883.0
87022900,1903.0
87024900,1910.0
87026900,1904.0
87028900,1904.0
87030900,1904.0
87032900,1952.0
87034900,1930.0
87036900,1894.0
87038900,1904.0
87040900,1968.0
87042900,1914.0
87044899,1921.0
87046899,1931.0
87048900,1936.0
87050900,1907.0
87052899,1941.0
87054900,1902.0
87056900,1915.0
87058900,1831.0
87060899,1911.0
87062899,1936.0
87064900,1915.0
87066899,1904.0
87068900,1858.0
87070900,1912.0
87072900,1891.0
87074900,1895.0
87076900,1894.0
87078900,1890.0
87080900,1904.0
87082900,1885.0
87084899,1926.0
87086900,1895.0
87088899,1904.0
87090900,1902.0
87092900,1901.0
87094900,1878.0
87096899,1902.0
87098900,1897.0
87100900,1899.0
87102900,1921.0
87104900,1904.0
87106900,1904.0
87108900,1897.0
87110900,1879.0
87112900,1900.0
87114900,1898.0
87116900,1882.0
87118900,1925.0
87120899,1932.0
87122900,1892.0
87124900,1901.0
87126900,1971.0
87128900,1877.0
87130900,1903.0
87132900,1904.0
87134900,1911.0
87136900,1909.0
87138900,1911.0
87140900,1914.0
87142900,1926.0
87144900,1956.0
87146899,1931.0
87148900,1907.0
87150899,1907.0
87152900,1904.0
87154900,1909.0
87156900,1937.0
87158900,1907.0
87160899,1906.0
87162900,1904.0
87164900,1907.0
87166900,1914.0
87168900,1904.0
87170900,1900.0
87172900,1907.0
87174900,1897.0
87176900,1901.0
87178900,1909.0
87180900,1897.0
87182900,1909.0
87184900,1903.0
87186900,1891.0
87188900,1950.0
87190900,1915.0
87192900,1903.0
87194900,1905.0
87196900,1890.0
87198900,1888.0
87200900,1911.0
87202900,1919.0
87204899,1895.0
87206900,1899.0
87208900,1903.0
87210899,1971.0
87212899,1889.0
87214900,1911.0
87216900,1868.0
87218899,1900.0
87220900,1922.0
87222899,1909.0
87224900,1904.0
87226900,1904.0
87228900,1902.0
87230900,1907.0
87232900,1904.0
87234899,1894.0
87236900,1888.0
87238900,1907.0
87240899,1923.0
87242900,1907.0
87244900,1919.0
87246900,1918.0
87248900,1909.0
87250900,1897.0
87252899,1920.0
87254900,1913.0
87256900,1909.0
87258899,1901.0
87260900,1904.0
87262899,1910.0
87264900,1898.0
87266900,1899.0
87268900,1901.0
87270900,1909.0
87272900,1889.0
87274900,1892.0
87276900,1876.0
87278900,1899.0
87280899,1885.0
87282900,1902.0
87284900,1904.0
87286900,1899.0
87288900,1893.0
87290900,1895.0
87292899,1900.0
87294900,1891.0
87296899,1903.0
87298900,1901.0
87300900,1878.0
87302900,1904.0
87304900,1896.0
87306900,1903.0
87308899,1894.0
87310900,1907.0
87312900,1881.0
87314899,1909.0
87316900,1900.0
87318900,1898.0
87320900,1904.0
87322900,1897.0
87324900,1894.0
87326900,1891.0
87328899,1906.0
87330900,1901.0
87332900,1925.0
87334900,1904.0
87336900,1909.0
87338899,1915.0
87340900,1921.0
87342899,1918.0
87344900,1890.0
87346900,1909.0
87348900,1920.0
87350899,1911.0
87352900,1919.0
87354900,1917.0
87356900,1907.0
87358900,1912.0
87360900,1907.0
87362900,1915.0
87364900,1919.0
87366900,1901.0
87368900,1904.0
87370900,1904.0
87372900,1883.0
87374899,1888.0
87376900,1897.0
87378900,1891.0
87380900,1904.0
87382900,1896.0
87384900,1904.0
87386899,1904.0
87388900,1891.0
87390900,1902.0
87392899,1904.0
87394900,1908.0
87396900,1897.0
87398900,1895.0
87400900,1904.0
87402899,1903.0
87404900,1894.0
87406900,1898.0
87408900,1903.0
87410899,1904.0
87412900,1889.0
87414900,1904.0
87416899,1898.0
87418900,1904.0
87420900,1905.0
87422900,1904.0
87424900,1903.0
87426900,1898.0
87428900,1905.0
87430900,1907.0
87432900,1904.0
87434900,1918.0
87436900,1921.0
87438900,1917.0
87440900,1907.0
87442900,1925.0
87444900,1887.0
87446900,1917.0
87448900,1919.0
87450900,1924.0
87452900,1913.0
87454900,1910.0
87456900,1904.0
87458900,1914.0
87460900,1904.0
87462900,1910.0
87464900,1904.0
87466900,1904.0
87468900,1906.0
87470900,1903.0
87472900,1901.0
87474900,1904.0
87476900,1902.0
87478900,1898.0
87480900,1899.0
87482899,1899.0
87484900,1895.0
87486900,1898.0
87488900,1895.0
87490900,1887.0
87492900,1895.0
87494900,1899.0
87496900,1899.0
87498900,1902.0
87500900,1897.0
87502899,1910.0
87504900,1899.0
87506900,1888.0
87508900,1894.0
87510900,1903.0
87512900,1899.0
87514900,1906.0
87516900,1895.0
87518900,1903.0
87520900,1904.0
87522900,1909.0
87524900,1904.0
87526899,1899.0
87528900,1901.0
87530900,1903.0
87532900,1909.0
87534900,1905.0
87536900,1915.0
87538899,1919.0
87540900,1915.0
87542899,1911.0
87544900,1910.0
87546900,1915.0
87548900,1918.0
87550899,1906.0
87552900,1916.0
87554900,1903.0
87556900,1907.0
87558899,1922.0
87560900,1909.0
87562900,1910.0
87564900,1898.0
87566900,1904.0
87568900,1900.0
87570899,1898.0
87572900,1897.0
87574900,1898.0
87576900,1900.0
87578900,1895.0
87580900,1893.0
87582900,1874.0
87584899,1892.0
87586900,1895.0
87588900,1897.0
87590900,1898.0
87592900,1901.0
87594900,1899.0
87596900,1901.0
87598900,1897.0
87600900,1897.0
87602900,1899.0
87604900,1902.0
87606900,1897.0
87608900,1898.0
87610900,1893.0
87612900,1893.0
87614900,1888.0
87616900,1902.0
87618900,1904.0
87620900,1893.0
87622900,1893.0
87624900,1901.0
87626900,1901.0
87628900,1899.0
87630900,1903.0
87632899,1901.0
87634900,1901.0
87636900,1909.0
87638900,1910.0
87640899,1909.0
87642900,1915.0
87644900,1914.0
87646900,1917.0
87648900,1910.0
87650900,1904.0
87652900,1907.0
87654900,1915.0
87656900,1910.0
87658899,1909.0
87660900,1902.0
87662899,1907.0
87664900,1904.0
87666900,1897.0
87668900,1909.0
87670899,1911.0
87672900,1891.0
87674900,1903.0
87676900,1898.0
87678900,1902.0
87680900,1899.0
87682900,1902.0
87684900,1896.0
87686900,1893.0
87688899,1901.0
87690900,1888.0
87692900,1891.0
87694900,1894.0
87696900,1909.0
87698899,1896.0
87700900,1901.0
87702900,1899.0
87704900,1902.0
87706899,1899.0
87708900,1903.0
87710900,1901.0
87712900,1895.0
87714900,1894.0
87716899,1899.0
87718900,1899.0
87720899,1897.0
87722900,1906.0
87724900,2007.0
87726900,1899.0
87728900,1903.0
87730900,1895.0
87732900,1904.0
87734900,1908.0
87736900,1904.0
87738899,1910.0
87740900,1911.0
87742900,1914.0
87744899,1910.0
87746900,1919.0
87748900,1911.0
87750900,1915.0
87752900,1919.0
87754900,1911.0
87756900,1915.0
87758900,1909.0
87760900,1910.0
87762900,1905.0
87764900,1892.0
87766899,1904.0
87768900,1905.0
87770900,1936.0
87772900,1902.0
87774900,1901.0
87776899,1900.0
87778900,1900.0
87780900,1899.0
87782900,1893.0
87784900,1899.0
87786900,1894.0
87788900,1894.0
87790900,1899.0
87792900,1910.0
87794900,1899.0
87796900,1899.0
87798900,1907.0
87800900,1903.0
87802900,1895.0
87804900,1884.0
87806899,1895.0
87808900,1901.0
87810900,1898.0
87812900,1899.0
87814900,1901.0
87816900,1895.0
87818900,1903.0
87820900,1900.0
87822899,1891.0
87824899,1937.0
87826900,1900.0
87828900,1902.0
87830900,1904.0
87832900,1908.0
87834899,1936.0
87836900,1905.0
87838900,1899.0
87840900,1915.0
87842900,1911.0
87844900,1913.0
87846900,1917.0
87848899,1919.0
87850900,1915.0
87852900,1915.0
87854900,1909.0
87856900,1910.0
87858900,1907.0
87860900,1913.0
87862900,1905.0
87864900,2064.0
87866899,1902.0
87868900,1904.0
87870900,1899.0
87872899,1937.0
87874900,1895.0
87876900,1904.0
87878900,1907.0
87880900,1904.0
87882899,1874.0
87884900,1899.0
87886900,1901.0
87888900,1901.0
87890900,1889.0
87892900,1900.0
87894900,1893.0
87896900,1898.0
87898900,1902.0
87900900,1898.0
87902900,1897.0
87904900,1899.0
87906900,1946.0
87908900,1884.0
87910899,1903.0
87912900,1903.0
87914900,1899.0
87916900,1907.0
87918900,1908.0
87920900,1943.0
87922900,1890.0
87924900,1899.0
87926900,1849.0
87928900,1978.0
87930900,1867.0
87932900,1904.0
87934900,1866.0
87936900,1899.0
87938899,1904.0
87940900,1910.0
87942900,1925.0
87944900,1891.0
87946900,1912.0
87948900,1909.0
87950900,1915.0
87952900,1911.0
87954900,1911.0
87956900,1917.0
87958900,1887.0
87960899,1881.0
87962900,1897.0
87964900,1904.0
87966900,1889.0
87968900,1901.0
87970899,1899.0
87972900,1905.0
87974900,1887.0
87976900,1905.0
87978900,1904.0
87980900,1899.0
87982900,1901.0
87984900,1919.0
87986899,1933.0
87988899,1891.0
87990900,1895.0
87992900,1895.0
87994900,1931.0
87996900,1904.0
87998900,1913.0
88000900,1920.0
88002900,1881.0
88004900,1902.0
88006900,1902.0
88008900,1870.0
88010900,1900.0
88012899,1890.0
88014900,1910.0
88016900,1899.0
88018900,1914.0
88020900,1899.0
88022900,1901.0
88024900,1890.0
88026900,1883.0
88028900,1905.0
88030900,1910.0
88032900,1889.0
88034900,1904.0
88036900,1946.0
88038900,1918.0
88040900,1920.0
88042900,1906.0
88044900,1930.0
88046900,1919.0
88048900,1913.0
88050900,1850.0
88052900,1914.0
88054900,1905.0
88056900,1863.0
88058900,1909.0
88060900,1873.0
88062900,1856.0
88064900,1897.0
88066900,1902.0
88068899,1899.0
88070900,1844.0
88072900,1892.0
88074900,1900.0
88076900,1906.0
88078899,1910.0
88080900,1904.0
88082900,1887.0
88084899,1897.0
88086900,1904.0
88088900,1914.0
88090900,1919.0
88092900,1920.0
88094900,1898.0
88096900,1907.0
88098900,1920.0
88100900,1893.0
88102899,1890.0
88104899,1899.0
88106900,1907.0
88108900,1863.0
88110900,1904.0
88112899,1868.0
88114900,1893.0
88116900,1902.0
88118900,1877.0
88120899,1904.0
88122900,1891.0
88124899,1887.0
88126900,1850.0
88128900,1909.0
88130900,1886.0
88132900,1904.0
88134900,1904.0
88136899,1911.0
88138900,1908.0
88140900,1904.0
88142900,1923.0
88144900,1893.0
88146900,1918.0
88148900,1917.0
88150900,1918.0
88152900,1909.0
88154900,1906.0
88156900,1894.0
88158900,1910.0
88160899,1911.0
88162900,1909.0
88164900,1906.0
88166900,1927.0
88168900,1907.0
88170900,1920.0
88172900,1828.0
88174900,1904.0
88176900,1907.0
88178900,1910.0
88180900,1899.0
88182900,1895.0
88184900,1851.0
88186899,1902.0
88188900,1901.0
88190900,1900.0
88192900,1875.0
88194900,1888.0
88196900,1905.0
88198900,1898.0
88200899,1895.0
88202900,1901.0
88204900,1917.0
88206900,1898.0
88208900,1899.0
88210900,1877.0
88212900,1902.0
88214899,1911.0
88216900,1904.0
88218900,1904.0
88220900,1897.0
88222900,1904.0
88224900,1901.0
88226900,1901.0
88228900,1907.0
88230900,1902.0
88232900,1907.0
88234899,1907.0
88236900,1908.0
88238900,1909.0
88240899,1923.0
88242900,1919.0
88244900,1915.0
88246900,1917.0
88248900,1914.0
88250899,1921.0
88252900,1919.0
88254900,1908.0
88256900,1914.0
88258900,1904.0
88260900,1899.0
88262900,1904.0
88264899,1906.0
88266900,1904.0
88268899,1901.0
88270900,1899.0
88272899,1899.0
88274900,1897.0
88276900,1892.0
88278900,1904.0
88280900,1897.0
88282900,1892.0
88284900,1899.0
88286900,1903.0
88288900,1903.0
88290900,1894.0
88292899,1898.0
88294900,1904.0
88296900,1894.0
88298900,1901.0
88300900,1889.0
88302900,1895.0
88304900,1903.0
88306900,1903.0
88308900,1890.0
88310900,1904.0
88312900,1893.0
88314899,1898.0
88316900,1900.0
88318900,1903.0
88320899,1904.0
88322900,1901.0
88324900,1894.0
88326900,1888.0
88328900,1904.0
88330899,1915.0
88332900,1904.0
88334900,1907.0
88336900,1911.0
88338900,1910.0
88340900,1906.0
88342900,1918.0
88344900,1925.0
88346899,1913.0
88348900,1915.0
88350900,1916.0
88352900,1921.0
88354899,1920.0
88356899,1911.0
88358900,1917.0
88360900,1907.0
88362900,1904.0
88364899,1903.0
88366900,1904.0
88368900,1904.0
88370900,1887.0
88372900,1904.0
88374900,1903.0
88376900,1897.0
88378900,1904.0
88380900,1902.0
88382900,1904.0
88384900,1901.0
88386900,1901.0
88388900,1895.0
88390900,1904.0
88392900,1895.0
88394900,1886.0
88396900,1910.0
88398900,1895.0
88400900,1902.0
88402900,1901.0
88404900,1899.0
88406900,1897.0
88408900,1904.0
88410900,1904.0
88412900,1900.0
88414900,1894.0
88416899,1904.0
88418899,1895.0
88420900,1890.0
88422900,1896.0
88424900,1904.0
88426900,1907.0
88428900,1899.0
88430900,1910.0
88432899,1898.0
88434900,1907.0
88436900,1909.0
88438900,1915.0
88440900,1921.0
88442900,1915.0
88444900,1918.0
88446900,1915.0
88448900,1918.0
88450900,1914.0
88452900,1911.0
88454900,1914.0
88456900,1914.0
88458900,1911.0
88460899,1904.0
88462900,1910.0
88464900,1897.0
88466900,1904.0
88468900,1904.0
88470900,1903.0
88472900,1895.0
88474900,1914.0
88476900,1895.0
88478900,1901.0
88480900,1898.0
88482900,1897.0
88484900,1899.0
88486900,1893.0
88488899,1902.0
88490900,1901.0
88492900,1904.0
88494900,1894.0
88496900,1903.0
88498900,1904.0
88500900,1895.0
88502899,1904.0
88504900,1904.0
88506899,1904.0
88508900,1897.0
88510900,1897.0
88512899,1901.0
88514900,1891.0
88516899,1913.0
88518900,1905.0
88520900,1903.0
88522900,1898.0
88524900,1910.0
88526899,1901.0
88528900,1910.0
88530900,1904.0
88532899,1908.0
88534900,1901.0
88536900,1903.0
88538900,1911.0
88540900,1914.0
88542900,1903.0
88544900,1917.0
88546899,1914.0
88548899,1918.0
88550899,1916.0
88552900,1915.0
88554900,1917.0
88556900,1915.0
88558900,1907.0
88560900,1907.0
88562900,1910.0
88564900,1919.0
88566900,1905.0
88568900,1904.0
88570900,1902.0
88572900,1897.0
88574900,1904.0
88576900,1902.0
88578900,1898.0
88580900,1897.0
88582900,1899.0
88584900,1903.0
88586900,1904.0
88588900,1903.0
88590899,1901.0
88592900,1898.0
88594900,1901.0
88596900,1901.0
88598900,1904.0
88600900,1893.0
88602899,1901.0
88604900,1904.0
88606900,1915.0
88608900,1904.0
88610900,1899.0
88612900,1899.0
88614900,1897.0
88616900,1900.0
88618899,1899.0
88620900,1900.0
88622900,1901.0
88624900,1902.0
88626900,1904.0
88628900,1904.0
88630900,1904.0
88632900,1909.0
88634900,1910.0
88636900,1913.0
88638900,1908.0
88640899,1914.0
88642899,1915.0
88644900,1917.0
88646900,1914.0
88648900,1903.0
88650900,1914.0
88652900,1917.0
88654900,1913.0
88656900,1909.0
88658900,1909.0
88660899,1902.0
88662900,1909.0
88664899,1903.0
88666900,1904.0
88668900,1904.0
88670900,1901.0
88672900,1902.0
88674900,1900.0
88676900,1899.0
88678900,1899.0
88680900,1901.0
88682900,1895.0
88684900,1899.0
88686900,1897.0
88688900,1897.0
88690900,1900.0
88692900,1899.0
88694900,1902.0
88696900,1903.0
88698900,1899.0
88700900,1897.0
88702900,1903.0
88704900,1901.0
88706900,1894.0
88708900,1904.0
88710900,1901.0
88712900,1899.0
88714900,1894.0
88716900,1901.0
88718900,1875.0
88720900,1902.0
88722900,1890.0
88724900,1903.0
88726900,1907.0
88728900,1901.0
88730900,1904.0
88732900,1907.0
88734900,1907.0
88736900,1914.0
88738899,1902.0
88740899,1942.0
88742899,1923.0
88744900,1904.0
88746900,1907.0
88748900,1916.0
88750899,1913.0
88752900,1911.0
88754900,1908.0
88756900,1915.0
88758899,1919.0
88760900,1921.0
88762900,1904.0
88764900,1894.0
88766900,1901.0
88768900,1915.0
88770900,1868.0
88772900,1902.0
88774900,1787.0
88776900,1891.0
88778900,1890.0
88780900,1895.0
88782900,1940.0
88784899,1910.0
88786900,1808.0
88788900,1904.0
88790900,1909.0
88792900,1894.0
88794899,1898.0
88796900,1888.0
88798900,1901.0
88800900,1902.0
88802900,1874.0
88804900,1904.0
88806900,1831.0
88808900,1905.0
88810900,1872.0
88812900,1902.0
88814900,1975.0
88816900,1911.0
88818900,1911.0
88820900,1891.0
88822899,1835.0
88824900,1901.0
88826900,1884.0
88828900,1904.0
88830900,1905.0
88832900,1905.0
88834899,1905.0
88836900,1910.0
88838900,1891.0
88840900,1925.0
88842899,1917.0
88844900,1851.0
88846899,1904.0
88848900,1914.0
88850900,1915.0
88852899,1899.0
88854900,1915.0
88856899,1888.0
88858900,1914.0
88860900,1911.0
88862900,1907.0
88864900,1904.0
88866900,1904.0
88868900,1904.0
88870900,1903.0
88872900,1899.0
88874900,1903.0
88876900,1902.0
88878899,1852.0
88880900,1873.0
88882900,1872.0
88884900,1882.0
88886899,1898.0
88888900,1899.0
88890900,1897.0
88892900,1844.0
88894900,1893.0
88896899,1929.0
88898900,1901.0
88900900,1902.0
88902900,1926.0
88904899,1867.0
88906900,1906.0
88908900,1904.0
88910900,1902.0
88912899,1915.0
88914900,1904.0
88916900,1910.0
88918899,1889.0
88920900,1917.0
88922900,1885.0
88924900,1936.0
88926900,1895.0
88928899,1959.0
88930900,1837.0
88932899,1907.0
88934899,1906.0
88936900,1883.0
88938900,1913.0
88940899,1894.0
88942900,1881.0
88944900,1907.0
88946900,1924.0
88948900,1934.0
88950900,1889.0
88952900,1933.0
88954900,1951.0
88956900,1915.0
88958900,1917.0
88960900,1921.0
88962900,1904.0
88964900,1919.0
88966900,1894.0
88968900,1898.0
88970900,1904.0
88972900,1929.0
88974900,1874.0
88976900,1897.0
88978900,1895.0
88980900,1900.0
88982900,1849.0
88984900,1904.0
88986900,1861.0
88988900,1919.0
88990900,1899.0
88992900,1901.0
88994900,1901.0
88996900,1903.0
88998900,1903.0
89000900,1904.0
89002900,1903.0
89004900,1903.0
89006900,1906.0
89008900,1893.0
89010900,1919.0
89012899,1891.0
89014899,1904.0
89016900,1901.0
89018900,1895.0
89020900,1905.0
89022900,1904.0
89024899,1885.0
89026900,1899.0
89028900,1904.0
89030900,1907.0
89032900,1905.0
89034900,1913.0
89036900,1905.0
89038900,1915.0
89040900,1935.0
89042900,1950.0
89044900,1943.0
89046900,1916.0
89048900,1904.0
89050900,1883.0
89052900,1905.0
89054900,1905.0
89056900,1913.0
89058900,1911.0
89060900,1905.0
89062900,1933.0
89064899,1907.0
89066900,1925.0
89068900,1910.0
89070899,1927.0
89072900,1905.0
89074900,1904.0
89076900,1904.0
89078900,1899.0
89080900,1899.0
89082900,1903.0
89084900,1904.0
89086900,1901.0
89088900,1904.0
89090899,1904.0
89092900,1893.0
89094900,1911.0
89096900,1904.0
89098900,1906.0
89100900,1901.0
89102900,1901.0
89104900,1903.0
89106900,1898.0
89108900,1898.0
89110900,1898.0
89112899,1903.0
89114900,1901.0
89116900,1894.0
89118899,1907.0
89120900,1904.0
89122899,1884.0
89124900,1894.0
89126900,1902.0
89128900,1904.0
89130900,1901.0
89132900,1904.0
89134900,1898.0
89136900,1916.0
89138900,1915.0
89140900,1913.0
89142900,1911.0
89144900,1922.0
89146900,1914.0
89148900,1913.0
89150900,1919.0
89152900,1914.0
89154899,1904.0
89156900,1905.0
89158900,1911.0
89160899,1911.0
89162900,1903.0
89164900,1917.0
89166900,1901.0
89168900,1904.0
89170899,1888.0
89172900,1903.0
89174900,1895.0
89176900,1893.0
89178900,1900.0
89180900,1888.0
89182900,1905.0
89184900,1902.0
89186900,1895.0
89188900,1895.0
89190900,1903.0
89192900,1906.0
89194900,1894.0
89196900,1904.0
89198900,1898.0
89200900,1892.0
89202900,1899.0
89204900,1901.0
89206900,1901.0
89208900,1899.0
89210900,1899.0
89212900,1905.0
89214900,1901.0
89216900,1904.0
89218900,1902.0
89220900,1899.0
89222900,1898.0
89224900,1904.0
89226900,1901.0
89228899,1898.0
89230900,1907.0
89232900,1910.0
89234900,1905.0
89236900,1908.0
89238899,1909.0
89240900,1911.0
89242900,1914.0
89244900,1923.0
89246899,1906.0
89248900,1911.0
89250900,1914.0
89252900,1922.0
89254900,1930.0
89256900,1915.0
89258900,1909.0
89260899,1901.0
89262900,1908.0
89264900,1910.0
89266900,1905.0
89268900,1903.0
89270900,1900.0
89272899,1901.0
89274900,1904.0
89276900,1901.0
89278899,1899.0
89280900,1906.0
89282900,1899.0
89284899,1904.0
89286900,1901.0
89288899,1898.0
89290899,1914.0
89292899,1899.0
89294900,1899.0
89296899,1890.0
89298900,1895.0
89300900,1897.0
89302900,1902.0
89304900,1899.0
89306900,1900.0
89308900,1910.0
89310900,1904.0
89312900,1891.0
89314900,1907.0
89316900,1899.0
89318900,1906.0
89320899,1899.0
89322900,1898.0
89324900,1902.0
89326900,1902.0
89328900,1890.0
89330900,1907.0
89332900,1904.0
89334900,1905.0
89336900,1907.0
89338900,1911.0
89340899,1906.0
89342900,1911.0
89344900,1909.0
89346900,1917.0
89348900,1911.0
89350900,1919.0
89352900,1911.0
89354900,1911.0
89356900,1912.0
89358900,1919.0
89360900,1919.0
89362900,1908.0
89364900,1903.0
89366900,1906.0
89368900,1909.0
89370899,1898.0
89372900,1898.0
89374900,1897.0
89376900,1895.0
89378900,1899.0
89380900,1898.0
89382900,1898.0
89384900,1900.0
89386900,1904.0
89388900,1897.0
89390900,1898.0
89392900,1901.0
89394900,1898.0
89396900,1899.0
89398900,1899.0
89400899,1903.0
89402900,1909.0
89404899,1904.0
89406900,1901.0
89408900,1887.0
89410900,1898.0
89412899,1895.0
89414900,1899.0
89416900,1904.0
89418900,1899.0
89420900,1900.0
89422900,1898.0
89424900,1902.0
89426899,1903.0
89428899,1904.0
89430900,1905.0
89432899,1905.0
89434900,1908.0
89436900,1908.0
89438900,1904.0
89440900,1911.0
89442900,1918.0
89444900,1904.0
89446900,1915.0
89448900,1918.0
89450900,1911.0
89452900,1936.0
89454900,1914.0
89456899,1914.0
89458900,1910.0
89460900,1904.0
89462899,1906.0
89464900,1905.0
89466900,1903.0
89468900,1903.0
89470899,1903.0
89472900,1904.0
89474899,1903.0
89476900,1901.0
89478900,1904.0
89480900,1903.0
89482899,1894.0
89484900,1903.0
89486900,1898.0
89488900,1903.0
89490900,1904.0
89492900,1900.0
89494900,1899.0
89496900,1895.0
89498900,1898.0
89500900,1901.0
89502899,1899.0
89504900,1899.0
89506900,1899.0
89508900,1898.0
89510900,1889.0
89512900,1899.0
89514900,1902.0
89516900,1903.0
89518900,1901.0
89520900,1901.0
89522900,1901.0
89524900,1901.0
89526900,1901.0
89528900,1901.0
89530900,1904.0
89532900,1910.0
89534900,1911.0
89536900,1914.0
89538899,1906.0
89540900,1910.0
89542900,1914.0
89544900,1916.0
89546899,1918.0
89548900,1915.0
89550900,1920.0
89552900,1911.0
89554900,1914.0
89556900,1913.0
89558900,1911.0
89560899,1933.0
89562900,1905.0
89564899,1904.0
89566900,1902.0
89568900,1889.0
89570900,1901.0
89572900,1903.0
89574899,1914.0
89576900,1904.0
89578899,1876.0
89580900,1968.0
89582899,1898.0
89584900,1898.0
89586900,1904.0
89588900,1903.0
89590900,1899.0
89592900,1899.0
89594900,1903.0
89596900,1851.0
89598900,1920.0
89600900,1902.0
89602899,1889.0
89604900,1900.0
89606900,1885.0
89608900,1895.0
89610899,1942.0
89612900,1902.0
89614900,1901.0
89616900,1903.0
89618900,1901.0
89620900,1872.0
89622900,1901.0
89624900,1898.0
89626900,1891.0
89628900,1904.0
89630900,1927.0
89632900,1908.0
89634900,1905.0
89636900,1891.0
89638900,1907.0
89640900,1915.0
89642899,1907.0
89644900,1837.0
89646900,1915.0
89648900,1863.0
89650900,1923.0
89652899,1909.0
89654900,1925.0
89656900,1911.0
89658900,1947.0
89660900,1801.0
89662900,1913.0
89664900,1921.0
89666900,1935.0
89668900,1886.0
89670900,1901.0
89672899,1917.0
89674900,1901.0
89676900,1952.0
89678900,1900.0
89680899,1901.0
89682900,1897.0
89684899,1902.0
89686900,1840.0
89688899,1901.0
89690899,1899.0
89692900,1869.0
89694900,1854.0
89696900,1901.0
89698900,1910.0
89700900,1885.0
89702900,1904.0
89704900,1913.0
89706900,1860.0
89708899,1845.0
89710900,1903.0
89712899,1899.0
89714900,1904.0
89716900,1893.0
89718900,1901.0
89720900,1879.0
89722900,1899.0
89724899,1834.0
89726900,1904.0
89728900,1903.0
89730899,1891.0
89732900,1904.0
89734900,1890.0
89736899,1919.0
89738899,1922.0
89740900,1927.0
89742900,1904.0
89744900,1915.0
89746900,1920.0
89748899,1908.0
89750900,1914.0
89752899,1925.0
89754900,1915.0
89756900,1918.0
89758900,1907.0
89760900,1915.0
89762900,1891.0
89764900,1917.0
89766900,1899.0
89768900,1902.0
89770900,1903.0
89772900,1904.0
89774900,1882.0
89776900,1952.0
89778900,1895.0
89780900,1894.0
89782900,1840.0
89784900,1873.0
89786900,1890.0
89788900,1898.0
89790900,1904.0
89792900,1927.0
89794900,1917.0
89796900,1922.0
89798899,1893.0
89800900,1904.0
89802899,1899.0
89804900,1883.0
89806900,1904.0
89808900,1905.0
89810900,1885.0
89812900,1857.0
89814900,1925.0
89816900,1882.0
89818900,1907.0
89820900,1900.0
89822900,1904.0
89824900,1919.0
89826899,1930.0
89828900,1918.0
89830900,1912.0
89832900,1907.0
89834900,1904.0
89836900,1975.0
89838900,1909.0
89840899,1908.0
89842900,1910.0
89844900,1904.0
89846900,1954.0
89848900,1926.0
89850900,1941.0
89852900,1991.0
89854900,1919.0
89856900,1913.0
89858900,1933.0
89860900,1930.0
89862900,1933.0
89864899,1902.0
89866900,1917.0
89868900,1902.0
89870900,1861.0
89872900,1875.0
89874900,1871.0
89876900,1907.0
89878900,1904.0
89880900,1904.0
89882900,1904.0
89884900,1898.0
89886900,1899.0
89888899,1901.0
89890900,1894.0
89892900,1873.0
89894899,1904.0
89896900,1894.0
89898900,1905.0
89900900,1890.0
89902900,1907.0
89904900,1902.0
89906900,1893.0
89908900,1903.0
89910899,1900.0
89912900,1904.0
89914900,1903.0
89916900,1904.0
89918900,1902.0
89920899,1899.0
89922900,1889.0
89924900,1885.0
89926900,1888.0
89928899,1903.0
89930900,1905.0
89932900,1910.0
89934899,1901.0
89936900,1909.0
89938900,1904.0
89940899,1917.0
89942900,1911.0
89944900,1925.0
89946900,1914.0
89948899,1911.0
89950900,1886.0
89952900,1918.0
89954900,1915.0
89956900,1920.0
89958900,1907.0
89960900,1914.0
89962900,1918.0
89964900,1890.0
89966899,1904.0
89968900,1913.0
89970900,1904.0
89972900,1901.0
89974900,1901.0
89976900,1895.0
89978900,1875.0
89980900,1901.0
89982900,1889.0
89984900,1899.0
89986900,1896.0
89988900,1917.0
89990900,1901.0
89992900,1900.0
89994900,1902.0
89996900,1900.0
89998900,1894.0
90000900,1901.0
90002900,1887.0
90004900,1909.0
90006900,1898.0
90008900,1904.0
90010900,1899.0
90012900,1902.0
90014900,1904.0
90016900,1895.0
90018900,1904.0
90020900,1904.0
90022900,1903.0
90024900,1904.0
90026900,1899.0
90028900,1906.0
90030899,1905.0
90032900,1905.0
90034900,1911.0
90036900,1909.0
90038900,1915.0
90040900,1911.0
90042900,1910.0
90044900,1919.0
90046899,1916.0
90048900,1918.0
90050900,1914.0
90052900,1915.0
90054899,1915.0
90056900,1910.0
90058900,1917.0
90060899,1904.0
90062900,1904.0
90064900,1910.0
90066900,1905.0
90068900,1911.0
90070900,1891.0
90072900,1901.0
90074900,1887.0
90076900,1910.0
90078900,1923.0
90080900,1905.0
90082900,1890.0
90084900,1899.0
90086900,1897.0
90088900,1910.0
90090900,1903.0
90092900,1895.0
90094900,1899.0
90096900,1905.0
90098900,1904.0
90100900,1904.0
90102900,1895.0
90104900,1902.0
90106900,1902.0
90108899,1891.0
90110899,1894.0
90112900,1901.0
90114900,1904.0
90116900,1904.0
90118900,1901.0
90120900,1895.0
90122899,1900.0
90124899,1903.0
90126899,1901.0
90128900,1901.0
90130900,1901.0
90132900,1904.0
90134899,1911.0
90136900,1909.0
90138900,1914.0
90140900,1917.0
90142900,1917.0
90144900,1908.0
90146900,1921.0
90148900,1918.0
90150900,1918.0
90152900,1919.0
90154899,1917.0
90156900,1913.0
90158900,1911.0
90160900,1910.0
90162900,1904.0
90164900,1903.0
90166900,1905.0
90168900,1904.0
90170900,1904.0
90172900,1902.0
90174899,1891.0
90176900,1898.0
90178900,1899.0
90180900,1893.0
90182900,1894.0
90184900,1895.0
90186900,1895.0
90188900,1901.0
90190900,1909.0
90192900,1904.0
90194900,1904.0
90196900,1899.0
90198900,1897.0
90200900,1899.0
90202900,1902.0
90204900,1901.0
90206900,1902.0
90208900,1893.0
90210899,1865.0
90212899,1893.0
90214900,1888.0
90216900,1889.0
90218900,1891.0
90220900,1891.0
90222900,1898.0
90224900,1903.0
90226899,1904.0
90228900,1903.0
90230900,1895.0
90232900,1904.0
90234900,1907.0
90236900,1917.0
90238900,1917.0
90240900,1913.0
90242900,1915.0
90244900,1923.0
90246900,1916.0
90248900,1911.0
90250900,1916.0
90252899,1907.0
90254900,1920.0
90256900,1939.0
90258900,1908.0
90260899,1908.0
90262900,1904.0
90264900,1910.0
90266900,1905.0
90268900,1898.0
90270900,1903.0
90272900,1885.0
90274900,1894.0
90276900,1902.0
90278900,1903.0
90280900,1894.0
90282900,1903.0
90284900,1909.0
90286900,1905.0
90288900,1907.0
90290900,1896.0
90292900,1903.0
90294900,1894.0
90296900,1900.0
90298900,1902.0
90300900,1904.0
90302900,1899.0
90304900,1898.0
90306900,1893.0
90308900,1901.0
90310900,1904.0
90312900,1904.0
90314900,1890.0
90316900,1901.0
90318900,1900.0
90320900,1904.0
90322900,1902.0
90324899,1900.0
90326900,1891.0
90328900,1904.0
90330900,1902.0
90332899,1907.0
90334900,1908.0
90336900,1911.0
90338900,1914.0
90340900,1909.0
90342900,1917.0
90344900,1919.0
90346900,1915.0
90348900,1918.0
90350900,1915.0
90352899,1915.0
90354900,1913.0
90356900,1913.0
90358900,1918.0
90360899,1910.0
90362900,1909.0
90364900,1904.0
90366900,1904.0
90368900,1904.0
90370900,1904.0
90372899,1904.0
90374900,1895.0
90376900,1897.0
90378900,1895.0
90380900,1902.0
90382900,1883.0
90384900,1904.0
90386900,1899.0
90388900,1904.0
90390900,1902.0
90392900,1899.0
90394900,1900.0
90396900,1901.0
90398900,1895.0
90400900,1895.0
90402900,1903.0
90404900,1898.0
90406900,1903.0
90408900,1898.0
90410900,1900.0
90412900,1901.0
90414900,1899.0
90416900,1876.0
90418900,1898.0
90420900,1904.0
90422900,1895.0
90424899,1904.0
90426900,1904.0
90428900,1906.0
90430900,1905.0
90432900,1907.0
90434900,1909.0
90436900,1914.0
90438900,1913.0
90440900,1911.0
90442899,1925.0
90444900,1910.0
90446900,1921.0
90448900,1918.0
90450900,1917.0
90452900,1916.0
90454900,1912.0
90456900,1925.0
90458900,1907.0
90460899,1922.0
90462900,1915.0
90464900,1903.0
90466900,1898.0
90468900,1901.0
90470900,1903.0
90472900,1895.0
90474899,1890.0
90476900,1899.0
90478900,1894.0
90480900,1902.0
90482900,1898.0
90484900,1904.0
90486900,1904.0
90488900,1887.0
90490900,1906.0
90492900,1901.0
90494900,1902.0
90496900,1904.0
90498900,1891.0
90500900,1895.0
90502900,1909.0
90504900,1862.0
90506900,1894.0
90508900,1892.0
90510899,1905.0
90512900,1883.0
90514900,1905.0
90516900,1891.0
90518900,1894.0
90520900,1901.0
90522900,1887.0
90524900,1899.0
90526900,1904.0
90528899,1883.0
90530900,1885.0
90532900,1936.0
90534900,1904.0
90536900,1905.0
90538900,1919.0
90540899,1894.0
90542900,1909.0
90544900,1906.0
90546900,1915.0
90548900,1915.0
90550900,1910.0
90552900,1919.0
90554900,1904.0
90556900,1946.0
90558900,1870.0
90560899,1908.0
90562900,1907.0
90564900,1895.0
90566900,1904.0
90568900,1923.0
90570900,1902.0
90572900,1883.0
90574900,1885.0
90576900,1891.0
90578900,1903.0
90580900,1915.0
90582900,1911.0
90584900,1930.0
90586900,1903.0
90588900,1902.0
90590900,1879.0
90592899,1899.0
90594900,1971.0
90596900,1920.0
90598899,1918.0
90600900,1901.0
90602900,1865.0
90604900,1904.0
90606900,1915.0
90608899,1985.0
90610900,1902.0
90612900,1904.0
90614900,1897.0
90616900,1835.0
90618899,1901.0
90620899,1943.0
90622900,1904.0
90624900,1888.0
90626899,1909.0
90628900,1901.0
90630900,1904.0
90632900,1905.0
90634899,1922.0
90636900,1936.0
90638900,1913.0
90640900,1943.0
90642900,1915.0
90644899,1934.0
90646899,1930.0
90648900,1915.0
90650900,1869.0
90652900,1915.0
90654900,1909.0
90656900,1918.0
90658900,1872.0
90660900,1910.0
90662899,1978.0
90664900,1909.0
90666900,1911.0
90668900,1903.0
90670899,1913.0
90672900,1852.0
90674900,1986.0
90676900,1934.0
90678900,1897.0
90680900,1953.0
90682900,1903.0
90684899,1901.0
90686899,1902.0
90688900,1923.0
90690900,1924.0
90692899,1895.0
90694900,1900.0
90696900,1901.0
90698900,1891.0
90700900,1879.0
90702900,1901.0
90704900,1904.0
90706900,1857.0
90708900,1898.0
90710900,1830.0
90712900,1903.0
90714900,1907.0
90716900,1888.0
90718900,1881.0
90720900,1904.0
90722900,1895.0
90724900,1884.0
90726899,1919.0
90728899,1895.0
90730899,1904.0
90732899,1898.0
90734900,1904.0
90736899,1913.0
90738900,1929.0
90740900,1876.0
90742900,1931.0
90744900,1887.0
90746900,1914.0
90748900,1914.0
90750900,1905.0
90752900,1915.0
90754900,1900.0
90756900,1922.0
90758900,1899.0
90760900,1919.0
90762900,1913.0
90764900,1974.0
90766900,1904.0
90768900,1903.0
90770900,1922.0
90772900,1889.0
90774900,1900.0
90776900,1888.0
90778900,1887.0
90780900,1886.0
90782900,1903.0
90784900,1899.0
90786900,1895.0
90788900,1891.0
90790900,1904.0
90792900,1904.0
90794900,1895.0
90796899,1900.0
90798900,1906.0
90800900,1887.0
90802899,1897.0
90804900,1912.0
90806900,1902.0
90808899,1902.0
90810900,1904.0
90812900,1897.0
90814900,1895.0
90816900,1904.0
90818900,1904.0
90820900,1922.0
90822900,1898.0
90824900,1894.0
90826900,1904.0
90828900,1908.0
90830900,1905.0
90832900,1906.0
90834900,1903.0
90836900,1919.0
90838900,1894.0
90840900,1917.0
90842900,1921.0
90844900,1919.0
90846900,1919.0
90848900,1920.0
90850899,1919.0
90852900,1910.0
90854900,1921.0
90856900,1927.0
90858899,1906.0
90860900,1904.0
90862900,1903.0
90864900,1904.0
90866900,1899.0
90868900,1904.0
90870900,1904.0
90872900,1899.0
90874900,1900.0
90876900,1904.0
90878900,1906.0
90880899,1899.0
90882900,1914.0
90884900,1904.0
90886899,1903.0
90888900,1903.0
90890900,1895.0
90892900,1901.0
90894899,1898.0
90896900,1888.0
90898900,1900.0
90900900,1895.0
90902899,1898.0
90904900,1895.0
90906900,1894.0
90908900,1899.0
90910900,1904.0
90912900,1915.0
90914900,1899.0
90916900,1898.0
90918900,1895.0
90920900,1888.0
90922900,1901.0
90924900,1901.0
90926900,1897.0
90928900,1904.0
90930900,1903.0
90932900,1907.0
90934900,1904.0
90936900,1916.0
90938900,1911.0
90940900,1911.0
90942900,1918.0
90944900,1914.0
90946900,1916.0
90948899,1915.0
90950899,1917.0
90952900,1926.0
90954900,1893.0
90956900,1918.0
90958900,1909.0
90960900,1917.0
90962900,1915.0
90964900,1904.0
90966900,1904.0
90968900,1904.0
90970900,1904.0
90972900,1899.0
90974900,1904.0
90976900,1895.0
90978900,1904.0
90980900,1895.0
90982899,1901.0
90984899,1890.0
90986899,1903.0
90988900,1887.0
90990900,1904.0
90992900,1889.0
90994900,1897.0
90996900,1904.0
90998900,1899.0
91000900,1900.0
91002899,1897.0
91004900,1903.0
91006900,1895.0
91008900,1901.0
91010900,1901.0
91012900,1901.0
91014900,1900.0
91016900,1898.0
91018900,1901.0
91020899,1904.0
91022900,1904.0
91024900,1902.0
91026900,1898.0
91028899,1903.0
91030900,1904.0
91032900,1904.0
91034900,1904.0
91036900,1907.0
91038900,1907.0
91040899,1911.0
91042899,1911.0
91044900,1909.0
91046900,1923.0
91048900,1913.0
91050900,1908.0
91052899,1920.0
91054900,1906.0
91056900,1911.0
91058900,1913.0
91060900,1908.0
91062900,1905.0
91064900,1904.0
91066900,1904.0
91068900,1904.0
91070900,1901.0
91072900,1907.0
91074900,1895.0
91076900,1897.0
91078900,1897.0
91080900,1898.0
91082900,1902.0
91084900,1900.0
91086900,1886.0
91088899,1889.0
91090900,1891.0
91092900,1894.0
91094899,1901.0
91096900,1898.0
91098900,1899.0
91100900,1899.0
91102900,1897.0
91104900,1899.0
91106900,1893.0
91108899,1898.0
91110900,1894.0
91112900,1904.0
91114900,1899.0
91116900,1910.0
91118900,1907.0
91120900,1900.0
91122900,1899.0
91124899,1898.0
91126900,1905.0
91128900,1905.0
91130900,1902.0
91132900,1907.0
91134900,1907.0
91136899,1911.0
91138900,1911.0
91140900,1909.0
91142900,1916.0
91144900,1919.0
91146899,1910.0
91148900,1909.0
91150900,1906.0
91152900,1915.0
91154900,1907.0
91156899,1908.0
91158900,1899.0
91160900,1915.0
91162900,1904.0
91164900,1905.0
91166900,1917.0
91168900,1904.0
91170900,1910.0
91172900,1904.0
91174900,1904.0
91176900,1891.0
91178900,1899.0
91180900,1897.0
91182900,1895.0
91184900,1898.0
91186899,1899.0
91188900,1903.0
91190900,1904.0
91192900,1901.0
91194900,1901.0
91196900,1898.0
91198900,1899.0
91200899,1899.0
91202900,1898.0
91204900,1901.0
91206900,1896.0
91208900,1891.0
91210900,1894.0
91212900,1898.0
91214900,1904.0
91216900,1895.0
91218899,1901.0
91220900,1898.0
91222900,1901.0
91224900,1899.0
91226900,1903.0
91228900,1904.0
91230900,1904.0
91232899,1904.0
91234900,1904.0
91236900,1909.0
91238900,1908.0
91240899,1905.0
91242900,1913.0
91244900,1909.0
91246900,1914.0
91248900,1911.0
91250900,1915.0
91252900,1914.0
91254900,1917.0
91256900,1910.0
91258900,1914.0
91260900,1908.0
91262899,1908.0
91264900,1903.0
91266900,1904.0
91268900,1904.0
91270900,1889.0
91272899,1903.0
91274900,1900.0
91276900,1901.0
91278900,1900.0
91280900,1890.0
91282899,1899.0
91284900,1898.0
91286899,1892.0
91288900,1902.0
91290900,1901.0
91292900,1898.0
91294900,1899.0
91296900,1900.0
91298900,1901.0
91300900,1902.0
91302900,1901.0
91304900,1910.0
91306900,1904.0
91308900,1900.0
91310900,1903.0
91312900,1901.0
91314900,1897.0
91316900,1902.0
91318900,1903.0
91320900,1902.0
91322900,1894.0
91324900,1902.0
91326899,1866.0
91328900,1904.0
91330899,1906.0
91332900,1899.0
91334900,1907.0
91336900,1913.0
91338900,1909.0
91340900,1911.0
91342900,1915.0
91344900,1916.0
91346900,1913.0
91348900,1918.0
91350899,1919.0
91352900,1904.0
91354900,1915.0
91356900,1914.0
91358900,1889.0
91360899,1977.0
91362900,1904.0
91364900,1901.0
91366899,1936.0
91368900,1903.0
91370900,1898.0
91372900,1899.0
91374900,1904.0
91376900,1904.0
91378899,1907.0
91380900,1898.0
91382900,1895.0
91384900,1897.0
91386900,1858.0
91388900,1903.0
91390899,1898.0
91392900,1895.0
91394900,1870.0
91396900,1899.0
91398900,1899.0
91400899,1899.0
91402900,1898.0
91404900,1872.0
91406900,1879.0
91408900,1887.0
91410900,1907.0
91412900,1929.0
91414900,1882.0
91416900,1903.0
91418899,1905.0
91420900,1909.0
91422900,1901.0
91424900,1898.0
91426900,1913.0
91428900,1871.0
91430900,1902.0
91432900,1887.0
91434900,1904.0
91436900,2014.0
91438900,1917.0
91440900,1904.0
91442900,1935.0
91444900,1917.0
91446900,1915.0
91448900,1920.0
91450900,1931.0
91452900,1918.0
91454900,1922.0
91456900,1910.0
91458899,1911.0
91460900,1906.0
91462900,1904.0
91464900,1882.0
91466900,1920.0
91468900,1903.0
91470900,1904.0
91472900,1889.0
91474900,1898.0
91476900,1890.0
91478900,1899.0
91480900,1902.0
91482900,1902.0
91484900,1888.0
91486900,1898.0
91488900,1899.0
91490900,1904.0
91492899,1852.0
91494900,1879.0
91496899,1899.0
91498900,1899.0
91500900,1899.0
91502900,1902.0
91504900,1906.0
91506900,1906.0
91508900,1899.0
91510900,1903.0
91512900,1898.0
91514900,1903.0
91516900,1890.0
91518900,1911.0
91520900,1898.0
91522899,1843.0
91524899,1904.0
91526900,1900.0
91528900,1899.0
91530900,1878.0
91532899,1913.0
91534900,1898.0
91536899,1916.0
91538899,1950.0
91540900,1919.0
91542900,1936.0
91544900,1931.0
91546900,1936.0
91548899,1903.0
91550900,1936.0
91552900,1936.0
91554899,1914.0
91556900,1910.0
91558900,1904.0
91560900,1925.0
91562900,1908.0
91564900,1904.0
91566900,1901.0
91568899,1904.0
91570900,1881.0
91572899,1902.0
91574900,1914.0
91576900,1904.0
91578900,1879.0
91580900,1908.0
91582900,1897.0
91584900,1887.0
91586900,1904.0
91588900,1963.0
91590900,1913.0
91592900,1904.0
91594899,1901.0
91596900,1923.0
91598899,1920.0
91600900,1897.0
91602899,1895.0
91604900,1907.0
91606900,1903.0
91608900,1897.0
91610900,1890.0
91612900,1840.0
91614900,1925.0
91616900,1920.0
91618899,1894.0
91620900,1899.0
91622900,1906.0
91624899,1905.0
91626900,1917.0
91628900,1909.0
91630900,1904.0
91632899,1905.0
91634900,1943.0
91636900,1909.0
91638900,1909.0
91640899,1904.0
91642900,1904.0
91644900,1913.0
91646900,1973.0
91648900,1905.0
91650900,1916.0
91652900,1913.0
91654900,1918.0
91656899,1914.0
91658899,1913.0
91660900,1927.0
91662900,1904.0
91664900,1911.0
91666900,1936.0
91668899,1904.0
91670900,1909.0
91672900,1915.0
91674900,1901.0
91676900,1901.0
91678900,1895.0
91680900,1875.0
91682900,1904.0
91684900,1902.0
91686900,1900.0
91688900,1905.0
91690900,1914.0
91692900,1901.0
91694900,1904.0
91696900,1920.0
91698900,1899.0
91700900,1919.0
91702900,1899.0
91704900,1919.0
91706900,1890.0
91708900,1898.0
91710899,1887.0
91712900,1899.0
91714900,1896.0
91716899,1904.0
91718900,1899.0
91720900,1904.0
91722900,1904.0
91724900,1897.0
91726900,1903.0
91728900,1915.0
91730900,1910.0
91732900,1910.0
91734900,1904.0
91736900,1911.0
91738899,1905.0
91740900,1913.0
91742900,1913.0
91744899,1921.0
91746900,1918.0
91748899,1915.0
91750900,1936.0
91752900,1920.0
91754900,1907.0
91756900,1920.0
91758900,1908.0
91760900,1909.0
91762900,1921.0
91764899,1908.0
91766900,1910.0
91768899,1902.0
91770900,1905.0
91772900,1901.0
91774900,1901.0
91776900,1897.0
91778900,1893.0
91780899,1904.0
91782900,1902.0
91784900,1894.0
91786899,1900.0
91788900,1886.0
91790900,1899.0
91792900,1901.0
91794899,1899.0
91796900,1915.0
91798900,1901.0
91800900,1887.0
91802900,1902.0
91804899,1887.0
91806900,1904.0
91808900,1901.0
91810899,1894.0
91812900,1903.0
91814900,1898.0
91816900,1898.0
91818900,1904.0
91820900,1899.0
91822900,1891.0
91824900,1894.0
91826900,1899.0
91828900,1902.0
91830899,1893.0
91832899,1904.0
91834900,1911.0
91836900,1915.0
91838899,1905.0
91840900,1918.0
91842900,1911.0
91844900,1914.0
91846900,1905.0
91848900,1911.0
91850900,1916.0
91852899,1911.0
91854900,1916.0
91856900,1918.0
91858900,1907.0
91860900,1907.0
91862900,1905.0
91864900,1894.0
91866900,1904.0
91868899,1895.0
91870899,1909.0
91872900,1900.0
91874899,1901.0
91876900,1898.0
91878900,1899.0
91880900,1901.0
91882900,1903.0
91884900,1901.0
91886900,1903.0
91888900,1901.0
91890900,1888.0
91892900,1904.0
91894900,1897.0
91896900,1904.0
91898900,1904.0
91900899,1900.0
91902900,1895.0
91904899,1893.0
91906900,1900.0
91908900,1891.0
91910900,1891.0
91912899,1902.0
91914900,1903.0
91916900,1903.0
91918900,1903.0
91920900,1903.0
91922899,1901.0
91924900,1903.0
91926900,1904.0
91928900,1899.0
91930900,1897.0
91932900,1899.0
91934900,1905.0
91936900,1906.0
91938900,1904.0
91940900,1915.0
91942900,1916.0
91944900,1918.0
91946900,1917.0
91948900,1918.0
91950900,1914.0
91952900,1918.0
91954900,1918.0
91956900,1914.0
91958899,1919.0
91960900,1915.0
91962900,1904.0
91964900,1906.0
91966900,1904.0
91968900,1899.0
91970900,1903.0
91972900,1901.0
91974900,1903.0
91976900,1909.0
91978900,1866.0
91980900,1895.0
91982899,1904.0
91984900,1900.0
91986900,1898.0
91988900,1904.0
91990900,1904.0
91992900,1901.0
91994899,1898.0
91996900,1904.0
91998900,1898.0
92000900,1899.0
92002900,1901.0
92004900,1905.0
92006899,1905.0
92008900,1903.0
92010900,1895.0
92012899,1901.0
92014900,1904.0
92016900,1904.0
92018900,1922.0
92020899,1894.0
92022900,1901.0
92024900,1905.0
92026900,1902.0
92028900,1898.0
92030900,1904.0
92032900,1920.0
92034900,1907.0
92036900,1906.0
92038900,1911.0
92040900,1913.0
92042900,1904.0
92044900,1914.0
92046900,1917.0
92048899,1915.0
92050900,1919.0
92052900,1909.0
92054900,1906.0
92056899,1911.0
92058899,1911.0
92060900,1911.0
92062900,1904.0
92064900,1905.0
92066899,1904.0
92068900,1901.0
92070900,1890.0
92072900,1894.0
92074900,1901.0
92076899,1899.0
92078900,1900.0
92080900,1889.0
92082900,1898.0
92084899,1899.0
92086900,1901.0
92088900,1904.0
92090899,1895.0
92092900,1914.0
92094900,1898.0
92096900,1899.0
92098900,1872.0
92100900,1899.0
92102900,1899.0
92104900,1901.0
92106900,1899.0
92108900,1905.0
92110899,1895.0
92112900,1895.0
92114899,1900.0
92116900,1899.0
92118900,1903.0
92120900,1900.0
92122900,1903.0
92124900,1903.0
92126900,1902.0
92128900,1904.0
92130900,1907.0
92132900,1910.0
92134899,1905.0
92136899,1910.0
92138900,1886.0
92140900,1915.0
92142900,1909.0
92144900,1917.0
92146900,1918.0
92148899,1917.0
92150900,1920.0
92152900,1917.0
92154900,1913.0
92156900,1913.0
92158899,1915.0
92160900,1909.0
92162900,1914.0
92164899,1906.0
92166900,1904.0
92168900,1899.0
92170900,1903.0
92172900,1903.0
92174900,1901.0
92176899,1902.0
92178900,1885.0
92180899,1894.0
92182900,1904.0
92184900,1894.0
92186899,1898.0
92188900,1897.0
92190900,1902.0
92192900,1910.0
92194899,1892.0
92196900,1900.0
92198900,1904.0
92200900,1898.0
92202899,1899.0
92204900,1903.0
92206900,1902.0
92208900,1903.0
92210900,1899.0
92212900,1901.0
92214900,1897.0
92216900,1899.0
92218900,1961.0
92220899,1892.0
92222900,1904.0
92224899,1855.0
92226900,1901.0
92228900,1903.0
92230900,1921.0
92232900,1906.0
92234900,1914.0
92236900,1911.0
92238900,1904.0
92240899,1913.0
92242900,1914.0
92244900,1910.0
92246900,1907.0
92248900,1914.0
92250900,1916.0
92252900,1922.0
92254900,1915.0
92256900,1911.0
92258900,1953.0
92260900,1921.0
92262899,1934.0
92264900,1906.0
92266900,1907.0
92268900,1906.0
92270900,1904.0
92272900,1891.0
92274900,1954.0
92276900,1898.0
92278900,1893.0
92280899,1897.0
92282900,1904.0
92284900,1877.0
92286899,1915.0
92288900,1902.0
92290900,1904.0
92292900,1777.0
92294899,1932.0
92296900,1903.0
92298900,1904.0
92300900,1879.0
92302900,1901.0
92304899,1921.0
92306900,1890.0
92308900,1899.0
92310900,1904.0
92312900,1905.0
92314900,1911.0
92316900,1975.0
92318900,1903.0
92320900,1911.0
92322900,1888.0
92324900,1792.0
92326900,1910.0
92328900,1905.0
92330899,1904.0
92332900,1927.0
92334900,1926.0
92336900,1918.0
92338900,1911.0
92340900,1910.0
92342900,1913.0
92344899,1915.0
92346900,1915.0
92348900,1908.0
92350900,1911.0
92352899,1913.0
92354900,1911.0
92356900,1914.0
92358899,1907.0
92360900,1910.0
92362900,1905.0
92364899,1898.0
92366900,1927.0
92368900,1923.0
92370900,1904.0
92372900,1897.0
92374900,1903.0
92376900,1902.0
92378899,1895.0
92380900,1898.0
92382900,1899.0
92384900,1905.0
92386900,1899.0
92388900,1902.0
92390900,1904.0
92392900,1897.0
92394900,1901.0
92396900,1904.0
92398899,1895.0
92400899,1893.0
92402900,1899.0
92404900,1929.0
92406900,1898.0
92408900,1889.0
92410900,1898.0
92412900,1898.0
92414900,1899.0
92416900,1989.0
92418900,1934.0
92420900,1873.0
92422899,1919.0
92424900,1898.0
92426900,1911.0
92428900,1923.0
92430900,1905.0
92432899,1904.0
92434900,1907.0
92436900,1909.0
92438900,1872.0
92440900,1951.0
92442899,1905.0
92444900,1957.0
92446900,1910.0
92448899,1845.0
92450900,1918.0
92452899,1930.0
92454900,1854.0
92456900,1952.0
92458899,1910.0
92460900,1904.0
92462900,1936.0
92464900,1890.0
92466900,1902.0
92468900,1927.0
92470899,1908.0
92472900,1925.0
92474900,1847.0
92476900,1899.0
92478900,1911.0
92480900,1891.0
92482899,1851.0
92484900,1906.0
92486900,1914.0
92488900,1905.0
92490900,1867.0
92492900,1882.0
92494900,1890.0
92496899,1907.0
92498900,1935.0
92500900,1836.0
92502900,1853.0
92504900,1891.0
92506900,1929.0
92508900,1867.0
92510900,1920.0
92512900,1892.0
92514900,1968.0
92516900,1903.0
92518900,1883.0
92520900,1897.0
92522900,1904.0
92524900,1899.0
92526900,1917.0
92528900,1925.0
92530900,1931.0
92532900,1925.0
92534899,1910.0
92536899,1913.0
92538900,1913.0
92540900,1903.0
92542900,1931.0
92544900,1897.0
92546900,1911.0
92548900,1919.0
92550900,1911.0
92552900,1906.0
92554900,1919.0
92556900,1893.0
92558899,1910.0
92560900,1920.0
92562900,1906.0
92564900,1913.0
92566899,1904.0
92568900,1904.0
92570900,1910.0
92572900,1905.0
92574899,1880.0
92576900,1891.0
92578900,1890.0
92580900,1878.0
92582900,1930.0
92584899,1904.0
92586900,1901.0
92588900,1874.0
92590900,1901.0
92592900,1889.0
92594899,1902.0
92596900,1886.0
92598900,1904.0
92600900,1904.0
92602900,1905.0
92604900,1903.0
92606900,1899.0
92608900,1901.0
92610900,1901.0
92612900,1902.0
92614900,1910.0
92616900,1875.0
92618900,1899.0
92620900,1891.0
92622900,1898.0
92624900,1906.0
92626900,1903.0
92628900,1904.0
92630900,1907.0
92632900,1904.0
92634899,1915.0
92636899,1910.0
92638900,1911.0
92640900,1922.0
92642900,1904.0
92644900,1914.0
92646900,1911.0
92648899,1921.0
92650900,1919.0
92652900,1911.0
92654900,1915.0
92656900,1915.0
92658900,1907.0
92660900,1907.0
92662900,1888.0
92664899,1901.0
92666900,1905.0
92668899,1903.0
92670900,1903.0
92672900,1907.0
92674900,1901.0
92676900,1903.0
92678899,1903.0
92680900,1901.0
92682900,1898.0
92684900,1899.0
92686899,1902.0
92688900,1904.0
92690900,1897.0
92692900,1902.0
92694900,1901.0
92696900,1905.0
92698900,1892.0
92700900,1894.0
92702899,1902.0
92704900,1898.0
92706900,1904.0
92708900,1904.0
92710900,1898.0
92712900,1911.0
92714900,1905.0
92716900,1901.0
92718900,1904.0
92720900,1898.0
92722900,1906.0
92724900,1904.0
92726899,1903.0
92728900,1904.0
92730900,1904.0
92732899,1914.0
92734900,1905.0
92736899,1907.0
92738900,1908.0
92740900,1914.0
92742899,1935.0
92744900,1905.0
92746900,1913.0
92748900,1917.0
92750900,1916.0
92752900,1922.0
92754900,1917.0
92756900,1918.0
92758900,1915.0
92760900,1930.0
92762900,1916.0
92764900,1904.0
92766900,1893.0
92768900,1904.0
92770900,1899.0
92772900,1898.0
92774900,1901.0
92776899,1911.0
92778900,1904.0
92780900,1904.0
92782899,1895.0
92784900,1904.0
92786900,1904.0
92788900,1906.0
92790900,1899.0
92792900,1895.0
92794900,1902.0
92796900,1898.0
92798900,1903.0
92800900,1901.0
92802900,1895.0
92804900,1904.0
92806900,1895.0
92808900,1897.0
92810900,1892.0
92812900,1902.0
92814900,1886.0
92816900,1902.0
92818899,1904.0
92820900,1899.0
92822900,1895.0
92824900,1899.0
92826900,1899.0
92828900,1904.0
92830900,1905.0
92832900,1907.0
92834900,1897.0
92836900,1904.0
92838900,1910.0
92840899,1914.0
92842900,1919.0
92844900,1910.0
92846900,1918.0
92848900,1918.0
92850899,1918.0
92852900,1915.0
92854900,1916.0
92856900,1904.0
92858900,1909.0
92860900,1910.0
92862900,1904.0
92864900,1904.0
92866900,1904.0
92868900,1900.0
92870900,1902.0
92872900,1904.0
92874900,1897.0
92876900,1899.0
92878900,1887.0
92880900,1904.0
92882900,1899.0
92884900,1903.0
92886900,1904.0
92888899,1903.0
92890900,1904.0
92892900,1900.0
92894900,1899.0
92896900,1902.0
92898900,1903.0
92900900,1907.0
92902900,1897.0
92904900,1903.0
92906900,1895.0
92908900,1878.0
92910899,1898.0
92912900,1891.0
92914900,1899.0
92916900,1896.0
92918900,1904.0
92920900,1899.0
92922900,1903.0
92924900,1907.0
92926900,1903.0
92928900,1907.0
92930900,1898.0
92932900,1904.0
92934900,1908.0
92936900,1911.0
92938900,1911.0
92940900,1909.0
92942900,1930.0
92944900,1925.0
92946900,1918.0
92948900,1916.0
92950900,1920.0
92952900,1911.0
92954900,1872.0
92956900,1909.0
92958900,1908.0
92960899,1907.0
92962900,1906.0
92964900,1905.0
92966900,1902.0
92968900,1901.0
92970900,1898.0
92972900,1909.0
92974899,1903.0
92976900,1901.0
92978900,1886.0
92980900,1902.0
92982900,1899.0
92984899,1903.0
92986900,1902.0
92988900,1889.0
92990900,1904.0
92992900,1894.0
92994900,1931.0
92996900,1905.0
92998900,1903.0
93000900,1899.0
93002900,1898.0
93004899,1899.0
93006900,1899.0
93008900,1901.0
93010900,1901.0
93012900,1907.0
93014900,1902.0
93016900,1895.0
93018900,1900.0
93020900,1903.0
93022900,1899.0
93024900,1902.0
93026900,1898.0
93028900,1903.0
93030900,1903.0
93032900,1904.0
93034900,1913.0
93036900,1911.0
93038900,1911.0
93040900,1911.0
93042900,1916.0
93044900,1909.0
93046899,1914.0
93048900,1919.0
93050900,1919.0
93052899,1910.0
93054900,1919.0
93056900,1909.0
93058900,1914.0
93060900,1909.0
93062900,1906.0
93064900,1904.0
93066900,1903.0
93068900,1936.0
93070900,1902.0
93072900,1903.0
93074900,1902.0
93076900,1899.0
93078900,1903.0
93080900,1897.0
93082900,1892.0
93084900,1900.0
93086900,1899.0
93088900,1899.0
93090899,1913.0
93092900,1903.0
93094900,1902.0
93096900,1903.0
93098899,1901.0
93100900,1899.0
93102900,1905.0
93104900,1929.0
93106900,1898.0
93108900,1901.0
93110900,1904.0
93112899,1937.0
93114900,1902.0
93116900,1899.0
93118900,1889.0
93120900,1899.0
93122900,1904.0
93124900,1900.0
93126900,1889.0
93128900,1903.0
93130900,1902.0
93132900,1904.0
93134900,1920.0
93136900,1909.0
93138900,1906.0
93140900,1921.0
93142900,1913.0
93144900,1920.0
93146900,1915.0
93148900,1927.0
93150900,1906.0
93152900,1916.0
93154900,1916.0
93156900,1903.0
93158899,1910.0
93160900,1910.0
93162900,1905.0
93164900,1904.0
93166900,1879.0
93168900,1904.0
93170900,1904.0
93172900,1897.0
93174900,1895.0
93176900,1908.0
93178900,1935.0
93180900,1872.0
93182900,1804.0
93184900,1897.0
93186900,1893.0
93188900,1903.0
93190900,1899.0
93192900,1904.0
93194899,1897.0
93196900,1907.0
93198900,1904.0
93200900,1894.0
93202900,1926.0
93204900,1895.0
93206900,1904.0
93208900,1903.0
93210900,1886.0
93212900,1907.0
93214900,1914.0
93216900,1886.0
93218900,1877.0
93220900,1897.0
93222900,1905.0
93224900,1905.0
93226900,1881.0
93228900,1904.0
93230900,1873.0
93232900,1914.0
93234900,1796.0
93236900,1917.0
93238899,1911.0
93240900,1913.0
93242900,1913.0
93244899,1949.0
93246899,1922.0
93248900,1917.0
93250900,1925.0
93252900,1919.0
93254900,1943.0
93256900,1919.0
93258899,1919.0
93260900,1916.0
93262900,1907.0
93264900,1907.0
93266900,1905.0
93268900,1904.0
93270900,1902.0
93272900,1904.0
93274899,1899.0
93276900,1903.0
93278900,1897.0
93280900,1890.0
93282900,1943.0
93284900,1900.0
93286900,1902.0
93288900,1953.0
93290900,1898.0
93292900,1904.0
93294899,1895.0
93296900,1899.0
93298900,1905.0
93300900,1899.0
93302900,1889.0
93304900,1896.0
93306900,1899.0
93308900,1931.0
93310899,1923.0
93312900,1917.0
93314900,1878.0
93316900,1899.0
93318900,1878.0
93320900,1904.0
93322899,1903.0
93324900,1923.0
93326900,1895.0
93328900,1878.0
93330900,1890.0
93332900,1933.0
93334900,1847.0
93336899,1911.0
93338900,1913.0
93340900,1958.0
93342900,1949.0
93344900,1919.0
93346900,1843.0
93348900,1938.0
93350900,1955.0
93352900,1919.0
93354900,1897.0
93356900,1921.0
93358900,1933.0
93360900,1987.0
93362900,1937.0
93364900,1914.0
93366900,1899.0
93368900,1911.0
93370900,1872.0
93372900,1887.0
93374900,1895.0
93376900,1890.0
93378900,1904.0
93380899,1911.0
93382900,1894.0
93384900,1904.0
93386900,1875.0
93388900,1925.0
93390900,1914.0
93392900,1883.0
93394899,1897.0
93396900,1974.0
93398900,1893.0
93400900,1895.0
93402900,1901.0
93404900,1901.0
93406900,1907.0
93408900,1826.0
93410900,1903.0
93412899,1930.0
93414900,1899.0
93416900,1906.0
93418900,1965.0
93420899,1917.0
93422900,1895.0
93424900,1909.0
93426900,1908.0
93428900,1932.0
93430900,1904.0
93432900,1905.0
93434899,1914.0
93436900,1904.0
93438900,1915.0
93440900,1938.0
93442900,1914.0
93444900,1933.0
93446899,1904.0
93448900,1936.0
93450900,1909.0
93452899,1916.0
93454899,1901.0
93456900,1897.0
93458900,1904.0
93460900,1910.0
93462900,1907.0
93464900,1904.0
93466899,1905.0
93468900,1903.0
93470899,1904.0
93472900,1904.0
93474900,1882.0
93476900,1897.0
93478899,1899.0
93480900,1877.0
93482900,1901.0
93484900,1893.0
93486900,1902.0
93488900,1899.0
93490900,1901.0
93492900,1898.0
93494900,1911.0
93496900,1917.0
93498900,1900.0
93500900,1902.0
93502900,1897.0
93504900,1882.0
93506900,1899.0
93508900,1897.0
93510900,1897.0
93512899,1893.0
93514900,1901.0
93516900,1903.0
93518899,1902.0
93520900,1889.0
93522900,1902.0
93524899,1895.0
93526900,1903.0
93528899,1899.0
93530900,1894.0
93532900,1920.0
93534900,1920.0
93536900,1916.0
93538900,1904.0
93540900,1914.0
93542900,1910.0
93544900,1915.0
93546900,1909.0
93548900,1916.0
93550900,1918.0
93552899,1917.0
93554900,1910.0
93556900,1907.0
93558899,1911.0
93560900,1911.0
93562900,1907.0
93564900,1903.0
93566900,1902.0
93568900,1902.0
93570900,1883.0
93572900,1900.0
93574900,1904.0
93576900,1899.0
93578899,1899.0
93580900,1903.0
93582900,1897.0
93584899,1902.0
93586900,1898.0
93588900,1902.0
93590900,1909.0
93592900,1904.0
93594900,1895.0
93596900,1899.0
93598899,1895.0
93600900,1889.0
93602900,1902.0
93604900,1895.0
93606900,1894.0
93608900,1905.0
93610900,1902.0
93612899,1902.0
93614900,1904.0
93616900,1905.0
93618900,1904.0
93620900,1904.0
93622900,1904.0
93624899,1905.0
93626900,1901.0
93628900,1895.0
93630900,1907.0
93632900,1907.0
93634900,1907.0
93636899,1921.0
93638900,1904.0
93640900,1909.0
93642900,1914.0
93644900,1911.0
93646900,1922.0
93648900,1918.0
93650900,1904.0
93652900,1905.0
93654900,1910.0
93656900,1877.0
93658900,1908.0
93660900,1904.0
93662900,1905.0
93664899,1909.0
93666900,1888.0
93668900,1898.0
93670900,1901.0
93672900,1904.0
93674900,1904.0
93676900,1901.0
93678900,1903.0
93680900,1900.0
93682900,1901.0
93684900,1902.0
93686900,1906.0
93688899,1899.0
93690900,1901.0
93692900,1902.0
93694899,1903.0
93696900,1899.0
93698900,1903.0
93700899,1899.0
93702900,1904.0
93704900,1895.0
93706900,1901.0
93708900,1869.0
93710900,1890.0
93712900,1890.0
93714900,1899.0
93716900,1899.0
93718900,1902.0
93720900,1904.0
93722900,1902.0
93724900,1904.0
93726900,1897.0
93728900,1895.0
93730899,1899.0
93732900,1907.0
93734900,1914.0
93736900,1904.0
93738899,1902.0
93740900,1911.0
93742899,1918.0
93744900,1914.0
93746900,1915.0
93748900,1904.0
93750900,1913.0
93752900,1915.0
93754900,1919.0
93756900,1908.0
93758900,1907.0
93760900,1905.0
93762900,1910.0
93764900,1907.0
93766900,1903.0
93768899,1904.0
93770900,1898.0
93772900,1895.0
93774900,1901.0
93776900,1904.0
93778900,1901.0
93780900,1903.0
93782899,1904.0
93784900,1899.0
93786900,1891.0
93788900,1901.0
93790900,1902.0
93792900,1904.0
93794900,1903.0
93796900,1902.0
93798900,1903.0
93800900,1894.0
93802900,1904.0
93804900,1903.0
93806899,1904.0
93808900,1900.0
93810900,1905.0
93812899,1915.0
93814900,1904.0
93816899,1899.0
93818900,1895.0
93820900,1903.0
93822899,1904.0
93824900,1901.0
93826900,1903.0
93828900,1886.0
93830900,1903.0
93832899,1907.0
93834900,1905.0
93836900,1910.0
93838900,1910.0
93840900,1911.0
93842900,1917.0
93844900,1921.0
93846900,1915.0
93848900,1915.0
93850900,1918.0
93852900,1911.0
93854900,1909.0
93856900,1904.0
93858900,1919.0
93860900,1906.0
93862900,1904.0
93864900,1904.0
93866900,1904.0
93868900,1901.0
93870900,1892.0
93872900,1901.0
93874900,1895.0
93876900,1886.0
93878900,1915.0
93880900,1901.0
93882900,1904.0
93884900,1898.0
93886900,1901.0
93888900,1910.0
93890900,1899.0
93892900,1888.0
93894900,1952.0
93896899,1904.0
93898900,1904.0
93900900,1904.0
93902900,1904.0
93904900,1905.0
93906900,1904.0
93908900,1905.0
93910900,1899.0
93912900,1902.0
93914900,1907.0
93916899,1903.0
93918900,1897.0
93920900,1903.0
93922900,1904.0
93924900,1899.0
93926900,1904.0
93928899,1901.0
93930900,1904.0
93932900,1906.0
93934900,1907.0
93936899,1911.0
93938900,1910.0
93940900,1917.0
93942900,1913.0
93944900,1919.0
93946899,1917.0
93948900,1911.0
93950900,1910.0
93952900,1918.0
93954900,1915.0
93956899,1931.0
93958900,1914.0
93960900,1905.0
93962900,1917.0
93964900,1906.0
93966900,1904.0
93968899,1904.0
93970900,1903.0
93972900,1901.0
93974900,1904.0
93976900,1901.0
93978899,1898.0
93980900,1901.0
93982900,1901.0
93984900,1903.0
93986900,1903.0
93988900,1902.0
93990900,1899.0
93992899,1898.0
93994900,1901.0
93996900,1897.0
93998900,1902.0
94000900,1902.0
94002900,1898.0
94004900,1899.0
94006899,1895.0
94008900,1899.0
94010900,1903.0
94012900,1899.0
94014900,1902.0
94016899,1872.0
94018900,1901.0
94020900,1904.0
94022899,1891.0
94024899,1903.0
94026900,1893.0
94028900,1905.0
94030900,1904.0
94032900,1906.0
94034900,1909.0
94036900,1905.0
94038900,1911.0
94040900,1910.0
94042900,1917.0
94044900,1919.0
94046899,1923.0
94048900,1915.0
94050900,1919.0
94052900,1914.0
94054900,1931.0
94056900,1916.0
94058899,1917.0
94060900,1970.0
94062900,1926.0
94064900,1904.0
94066900,1904.0
94068900,1904.0
94070900,1881.0
94072900,1915.0
94074900,1900.0
94076900,1885.0
94078900,1903.0
94080900,1898.0
94082899,1895.0
94084900,1899.0
94086900,1927.0
94088900,1903.0
94090900,1911.0
94092900,1901.0
94094900,1921.0
94096900,1898.0
94098900,1900.0
94100900,1847.0
94102900,1907.0
94104900,1901.0
94106900,1901.0
94108900,1883.0
94110899,1895.0
94112900,1902.0
94114900,1795.0
94116900,1893.0
94118900,1882.0
94120899,1895.0
94122900,1903.0
94124900,1897.0
94126900,1899.0
94128899,1904.0
94130900,1904.0
94132900,1904.0
94134900,1893.0
94136900,1903.0
94138900,1918.0
94140900,1907.0
94142899,1935.0
94144900,1911.0
94146900,1920.0
94148900,1919.0
94150900,1918.0
94152900,1890.0
94154900,1920.0
94156900,1887.0
94158900,1910.0
94160900,1892.0
94162900,1890.0
94164900,1907.0
94166900,1903.0
94168900,1905.0
94170900,1908.0
94172900,1901.0
94174900,1899.0
94176900,1902.0
94178900,1899.0
94180900,1907.0
94182900,1931.0
94184900,1897.0
94186900,1903.0
94188900,1926.0
94190900,1899.0
94192900,1901.0
94194900,1918.0
94196899,1907.0
94198899,1843.0
94200900,1898.0
94202900,1897.0
94204900,1901.0
94206900,1877.0
94208900,1913.0
94210900,1917.0
94212899,1908.0
94214900,1908.0
94216900,1891.0
94218900,1863.0
94220900,1897.0
94222900,1907.0
94224900,1929.0
94226899,1904.0
94228900,1904.0
94230900,1902.0
94232899,1907.0
94234900,1904.0
94236900,1958.0
94238900,1915.0
94240900,1915.0
94242900,1840.0
94244900,1918.0
94246900,1917.0
94248899,1915.0
94250900,1917.0
94252900,1861.0
94254899,1910.0
94256899,1906.0
94258900,1909.0
94260900,1910.0
94262900,1898.0
94264899,1904.0
94266900,1994.0
94268899,1902.0
94270900,1894.0
94272900,1921.0
94274899,1904.0
94276900,1895.0
94278900,1872.0
94280900,1901.0
94282900,1968.0
94284900,1903.0
94286899,1889.0
94288900,1812.0
94290899,1904.0
94292900,1881.0
94294900,1915.0
94296900,1939.0
94298900,1904.0
94300900,1935.0
94302900,1895.0
94304900,1878.0
94306900,1887.0
94308900,1916.0
94310900,1881.0
94312899,1909.0
94314900,1898.0
94316900,1881.0
94318900,1924.0
94320900,1905.0
94322900,1899.0
94324900,1889.0
94326899,1904.0
94328900,1905.0
94330900,1913.0
94332900,1906.0
94334900,1904.0
94336900,1899.0
94338900,1914.0
94340900,1914.0
94342900,1909.0
94344900,1923.0
94346900,1926.0
94348900,1913.0
94350900,1920.0
94352900,1942.0
94354900,1914.0
94356900,1920.0
94358900,1913.0
94360900,1917.0
94362899,1909.0
94364900,1905.0
94366900,1907.0
94368900,1891.0
94370900,1898.0
94372900,1904.0
94374900,1895.0
94376900,1926.0
94378900,1886.0
94380899,1901.0
94382900,1901.0
94384900,1895.0
94386900,1904.0
94388900,1891.0
94390900,1901.0
94392900,1895.0
94394900,1910.0
94396900,1899.0
94398900,1895.0
94400900,1904.0
94402900,1897.0
94404900,1890.0
94406900,1899.0
94408900,1900.0
94410900,1870.0
94412900,1907.0
94414900,1898.0
94416900,1904.0
94418899,1898.0
94420900,1902.0
94422900,1898.0
94424900,1905.0
94426900,1903.0
94428900,1903.0
94430900,1903.0
94432900,1904.0
94434900,1886.0
94436900,1914.0
94438900,1911.0
94440899,1915.0
94442900,1926.0
94444900,1914.0
94446899,1904.0
94448900,1909.0
94450900,1919.0
94452899,1909.0
94454899,1922.0
94456900,1913.0
94458900,1912.0
94460900,1905.0
94462900,1905.0
94464900,1904.0
94466900,1904.0
94468899,1903.0
94470900,1904.0
94472900,1902.0
94474900,1901.0
94476900,1898.0
94478899,1904.0
94480900,1903.0
94482900,1897.0
94484900,1904.0
94486900,1898.0
94488900,1906.0
94490900,1903.0
94492900,1904.0
94494900,1895.0
94496900,1899.0
94498900,1893.0
94500900,1897.0
94502899,1902.0
94504900,1903.0
94506900,1905.0
94508900,1907.0
94510900,1903.0
94512899,1900.0
94514900,1907.0
94516899,1914.0
94518900,1903.0
94520900,1903.0
94522900,1895.0
94524900,1904.0
94526899,1901.0
94528900,1903.0
94530899,1904.0
94532900,1901.0
94534900,1910.0
94536899,1910.0
94538900,1915.0
94540900,1915.0
94542900,1913.0
94544899,1901.0
94546900,1918.0
94548900,1920.0
94550900,1915.0
94552900,1915.0
94554899,1907.0
94556900,1935.0
94558900,1907.0
94560900,1907.0
94562900,1904.0
94564900,1904.0
94566900,1899.0
94568900,1904.0
94570900,1904.0
94572900,1902.0
94574900,1895.0
94576900,1896.0
94578900,1894.0
94580900,1904.0
94582900,1904.0
94584900,1899.0
94586900,1902.0
94588900,1895.0
94590900,1897.0
94592900,1893.0
94594900,1901.0
94596900,1902.0
94598900,1885.0
94600900,1902.0
94602899,1903.0
94604900,1903.0
94606899,1904.0
94608900,1902.0
94610900,1896.0
94612900,1901.0
94614900,1907.0
94616900,1902.0
94618899,1902.0
94620900,1885.0
94622900,1904.0
94624900,1903.0
94626900,1908.0
94628900,1904.0
94630900,1902.0
94632900,1904.0
94634900,1907.0
94636900,1909.0
94638900,1910.0
94640900,1909.0
94642900,1914.0
94644900,1918.0
94646900,1912.0
94648900,1917.0
94650899,1909.0
94652900,1920.0
94654900,1911.0
94656899,1926.0
94658899,1918.0
94660899,1906.0
94662900,1906.0
94664900,1913.0
94666900,1901.0
94668900,1904.0
94670900,1891.0
94672900,1902.0
94674900,1906.0
94676899,1901.0
94678900,1901.0
94680900,1895.0
94682899,1901.0
94684900,1901.0
94686900,1904.0
94688900,1903.0
94690900,1904.0
94692900,1905.0
94694900,1895.0
94696899,1898.0
94698900,1902.0
94700900,1895.0
94702900,1905.0
94704900,1903.0
94706899,1898.0
94708900,1893.0
94710900,1901.0
94712900,1905.0
94714900,1901.0
94716900,1903.0
94718900,1902.0
94720900,1903.0
94722900,1911.0
94724899,1904.0
94726900,1900.0
94728899,1903.0
94730900,1904.0
94732900,1907.0
94734900,1909.0
94736900,1994.0
94738900,1923.0
94740900,1919.0
94742899,1915.0
94744900,1915.0
94746900,1915.0
94748900,1925.0
94750900,1916.0
94752900,1906.0
94754900,1917.0
94756900,1916.0
94758899,1907.0
94760900,1915.0
94762900,1909.0
94764899,1904.0
94766900,1906.0
94768900,1901.0
94770900,1901.0
94772900,1897.0
94774900,1900.0
94776900,1901.0
94778900,1897.0
94780900,1899.0
94782900,1910.0
94784900,1904.0
94786900,1903.0
94788900,1893.0
94790900,1903.0
94792900,1893.0
94794900,1895.0
94796899,1899.0
94798899,1900.0
94800900,1904.0
94802900,1905.0
94804900,1899.0
94806900,1901.0
94808899,1904.0
94810900,1901.0
94812900,1903.0
94814899,1903.0
94816900,1899.0
94818900,1903.0
94820900,1898.0
94822900,1904.0
94824900,1903.0
94826900,1902.0
94828900,1904.0
94830900,1904.0
94832900,1905.0
94834900,1907.0
94836900,1916.0
94838900,1911.0
94840900,1915.0
94842900,1915.0
94844900,1919.0
94846900,1917.0
94848900,1917.0
94850900,1915.0
94852900,1916.0
94854900,1914.0
94856900,1914.0
94858900,1902.0
94860900,1909.0
94862899,1904.0
94864899,1906.0
94866900,1906.0
94868900,1905.0
94870900,1904.0
94872900,1902.0
94874900,1907.0
94876900,1897.0
94878900,1898.0
94880900,1901.0
94882900,1901.0
94884899,1899.0
94886900,1901.0
94888900,1902.0
94890899,1902.0
94892900,1903.0
94894900,1898.0
94896900,1898.0
94898900,1901.0
94900900,1892.0
94902899,1898.0
94904900,1903.0
94906899,1899.0
94908900,1904.0
94910900,1903.0
94912899,1889.0
94914899,1893.0
94916900,1900.0
94918900,1899.0
94920900,1884.0
94922899,1888.0
94924900,1898.0
94926900,1906.0
94928900,1904.0
94930900,1904.0
94932900,1913.0
94934900,1906.0
94936900,1911.0
94938899,1905.0
94940900,1915.0
94942899,1914.0
94944899,1919.0
94946900,1906.0
94948900,1917.0
94950900,1917.0
94952899,1897.0
94954900,1914.0
94956899,1961.0
94958900,1917.0
94960900,1901.0
94962900,1906.0
94964900,1898.0
94966900,1903.0
94968900,1892.0
94970900,1906.0
94972900,1903.0
94974900,1907.0
94976900,1904.0
94978900,1903.0
94980900,1905.0
94982899,1904.0
94984900,1895.0
94986900,1988.0
94988900,1901.0
94990900,1897.0
94992900,1902.0
94994900,1903.0
94996900,1893.0
94998900,1888.0
95000900,1883.0
95002900,1898.0
95004900,1903.0
95006900,1799.0
95008900,1904.0
95010900,1890.0
95012900,1897.0
95014900,1895.0
95016900,1903.0
95018900,1893.0
95020899,1889.0
95022900,1891.0
95024900,1973.0
95026900,1898.0
95028900,1879.0
95030900,1867.0
95032900,1936.0
95034900,1975.0
95036900,1910.0
95038900,1910.0
95040900,1991.0
95042900,1794.0
95044900,1943.0
95046900,1905.0
95048900,1893.0
95050900,1907.0
95052900,1888.0
95054900,1915.0
95056900,1825.0
95058900,1977.0
95060900,1961.0
95062900,1917.0
95064900,1904.0
95066900,1906.0
95068900,1904.0
95070899,1904.0
95072900,1879.0
95074900,1915.0
95076900,1969.0
95078900,1901.0
95080900,1900.0
95082900,1895.0
95084900,1879.0
95086900,1921.0
95088900,1885.0
95090899,1978.0
95092900,1958.0
95094899,1904.0
95096900,1894.0
95098900,1903.0
95100900,1893.0
95102900,1901.0
95104900,1899.0
95106900,1904.0
95108899,1892.0
95110900,1889.0
95112900,1894.0
95114900,1895.0
95116900,1856.0
95118900,1878.0
95120900,1904.0
95122900,1875.0
95124900,1904.0
95126900,1911.0
95128900,1909.0
95130899,1891.0
95132900,1974.0
95134900,1913.0
95136900,1911.0
95138900,1915.0
95140900,1922.0
95142900,1957.0
95144899,1919.0
95146900,1911.0
95148899,2001.0
95150900,1919.0
95152899,1927.0
95154900,1865.0
95156900,1899.0
95158900,1921.0
95160900,1884.0
95162900,1911.0
95164900,1900.0
95166900,1899.0
95168900,1905.0
95170900,1908.0
95172899,1887.0
95174900,1909.0
95176900,1895.0
95178900,1914.0
95180900,1930.0
95182900,1899.0
95184900,1874.0
95186900,1898.0
95188900,1873.0
95190900,1903.0
95192900,1887.0
95194900,1904.0
95196900,1905.0
95198900,1878.0
95200900,1917.0
95202900,1924.0
95204900,1919.0
95206900,1892.0
95208900,1910.0
95210900,1925.0
95212900,1879.0
95214900,1957.0
95216899,1907.0
95218900,1889.0
95220900,1881.0
95222900,1910.0
95224899,1918.0
95226900,1904.0
95228900,1892.0
95230900,1911.0
95232900,1989.0
95234899,1883.0
95236899,1916.0
95238900,1918.0
95240899,1919.0
95242900,1937.0
95244900,1911.0
95246899,1904.0
95248900,1904.0
95250900,1913.0
95252900,1937.0
95254900,1921.0
95256900,1906.0
95258900,1898.0
95260900,1915.0
95262899,1904.0
95264900,1904.0
95266900,1903.0
95268900,1899.0
95270900,1903.0
95272900,1890.0
95274900,1888.0
95276899,1909.0
95278900,1898.0
95280900,1901.0
95282899,1904.0
95284900,1890.0
95286900,1891.0
95288900,1904.0
95290900,1910.0
95292900,1903.0
95294900,1882.0
95296900,1891.0
95298900,1910.0
95300899,1899.0
95302900,1901.0
95304900,1895.0
95306900,1887.0
95308900,1904.0
95310900,1874.0
95312900,1885.0
95314900,1901.0
95316900,1901.0
95318900,1898.0
95320900,1904.0
95322899,1906.0
95324900,1900.0
95326900,1890.0
95328900,1905.0
95330900,1904.0
95332899,1909.0
95334900,1904.0
95336900,1909.0
95338900,1914.0
95340900,1909.0
95342900,1920.0
95344900,1919.0
95346900,1918.0
95348900,1912.0
95350900,1920.0
95352900,1911.0
95354899,1917.0
95356900,1913.0
95358900,1910.0
95360900,1922.0
95362900,1904.0
95364899,1898.0
95366900,1904.0
95368900,1909.0
95370900,1903.0
95372900,1899.0
95374900,1898.0
95376900,1903.0
95378900,1903.0
95380900,1902.0
95382900,1901.0
95384900,1901.0
95386900,1903.0
95388899,1903.0
95390900,1904.0
95392900,1904.0
95394899,1899.0
95396900,1901.0
95398900,1911.0
95400900,1891.0
95402900,1892.0
95404900,1901.0
95406900,1904.0
95408900,1891.0
95410900,1902.0
95412900,1895.0
95414900,1899.0
95416900,1895.0
95418900,1900.0
95420900,1906.0
95422900,1903.0
95424900,1904.0
95426900,1903.0
95428900,1899.0
95430900,1891.0
95432900,1905.0
95434900,1906.0
95436900,1906.0
95438900,1910.0
95440900,1921.0
95442900,1919.0
95444900,1911.0
95446900,1915.0
95448899,1915.0
95450900,1909.0
95452900,1911.0
95454900,1915.0
95456900,1914.0
95458899,1913.0
95460900,1913.0
95462900,1895.0
95464900,1905.0
95466900,1902.0
95468900,1904.0
95470900,1901.0
95472900,1895.0
95474900,1903.0
95476899,1904.0
95478900,1901.0
95480900,1904.0
95482900,1890.0
95484900,1897.0
95486900,1905.0
95488900,1903.0
95490900,1901.0
95492900,1897.0
95494900,1897.0
95496900,1898.0
95498900,1902.0
95500900,1899.0
95502900,1906.0
95504900,1897.0
95506900,1897.0
95508900,1895.0
95510900,1898.0
95512900,1900.0
95514900,1905.0
95516900,1891.0
95518900,1902.0
95520900,1901.0
95522900,1899.0
95524899,1903.0
95526900,1895.0
95528900,1904.0
95530900,1905.0
95532900,1905.0
95534900,1913.0
95536899,1913.0
95538900,1914.0
95540900,1914.0
95542900,1919.0
95544900,1919.0
95546899,1913.0
95548900,1918.0
95550900,1911.0
95552900,1921.0
95554899,1921.0
95556900,1909.0
95558900,1914.0
95560900,1907.0
95562900,1909.0
95564900,1909.0
95566900,1904.0
95568900,1902.0
95570900,1903.0
95572900,1891.0
95574900,1897.0
95576900,1896.0
95578900,1899.0
95580900,1907.0
95582900,1900.0
95584900,1891.0
95586900,1899.0
95588900,1907.0
95590900,1899.0
95592900,1894.0
95594900,1888.0
95596899,1901.0
95598900,1899.0
95600900,1891.0
95602900,1895.0
95604900,1907.0
95606900,1899.0
95608900,1904.0
95610900,1904.0
95612900,1895.0
95614900,1901.0
95616900,1902.0
95618900,1907.0
95620900,1906.0
95622900,1895.0
95624900,1904.0
95626900,1904.0
95628900,1903.0
95630900,1904.0
95632900,1904.0
95634900,1904.0
95636900,1925.0
95638900,1917.0
95640900,1919.0
95642900,1893.0
95644900,1917.0
95646900,1918.0
95648900,1918.0
95650899,1921.0
95652900,1936.0
95654900,1910.0
95656900,1910.0
95658899,1909.0
95660900,1914.0
95662900,1909.0
95664900,1905.0
95666900,1898.0
95668900,1906.0
95670900,1904.0
95672900,1904.0
95674900,1890.0
95676900,1902.0
95678900,1895.0
95680900,1901.0
95682900,1885.0
95684900,1901.0
95686900,1904.0
95688900,1895.0
95690900,1904.0
95692900,1895.0
95694900,1898.0
95696900,1897.0
95698900,1901.0
95700900,1903.0
95702900,1897.0
95704900,1886.0
95706900,1898.0
95708900,1905.0
95710900,1904.0
95712900,1899.0
95714900,1903.0
95716899,1899.0
95718900,1903.0
95720900,1901.0
95722900,1898.0
95724900,1904.0
95726900,1905.0
95728899,1904.0
95730900,1908.0
95732900,1905.0
95734900,1911.0
95736900,1911.0
95738900,1911.0
95740899,1917.0
95742900,1914.0
95744900,1918.0
95746900,1914.0
95748900,1915.0
95750900,1914.0
95752900,1909.0
95754899,1916.0
95756899,1913.0
95758900,1926.0
95760900,1914.0
95762900,1909.0
95764900,1918.0
95766900,1907.0
95768900,1898.0
95770900,1904.0
95772900,1901.0
95774900,1888.0
95776900,1901.0
95778899,1899.0
95780900,1899.0
95782900,1904.0
95784900,1901.0
95786900,1899.0
95788900,1902.0
95790900,1903.0
95792900,1901.0
95794900,1903.0
95796900,1902.0
95798900,1898.0
95800899,1899.0
95802900,1904.0
95804900,1904.0
95806900,1897.0
95808900,1899.0
95810900,1902.0
95812899,1894.0
95814900,1904.0
95816900,1902.0
95818900,1901.0
95820900,1901.0
95822900,1878.0
95824900,1904.0
95826899,1907.0
95828900,1904.0
95830900,1904.0
95832900,1907.0
95834900,1906.0
95836900,1913.0
95838900,1919.0
95840900,1913.0
95842899,1930.0
95844899,1900.0
95846900,1916.0
95848900,1915.0
95850900,1914.0
95852900,1917.0
95854900,1910.0
95856900,1904.0
95858899,1946.0
95860900,1917.0
95862900,1908.0
95864900,1909.0
95866900,1904.0
95868900,1905.0
95870900,1896.0
95872900,1895.0
95874899,1904.0
95876900,1879.0
95878900,1917.0
95880900,1904.0
95882900,1902.0
95884900,1903.0
95886900,1898.0
95888900,1909.0
95890900,1889.0
95892900,1922.0
95894899,1855.0
95896900,1903.0
95898900,1901.0
95900900,1895.0
95902899,1904.0
95904900,1846.0
95906900,1910.0
95908900,1902.0
95910900,1914.0
95912900,1903.0
95914900,1902.0
95916900,1924.0
95918900,1857.0
95920900,1958.0
95922900,1891.0
95924900,1909.0
95926900,1840.0
95928900,1906.0
95930899,1910.0
95932900,1898.0
95934900,1914.0
95936900,1935.0
95938900,1920.0
95940900,1920.0
95942899,1903.0
95944900,1917.0
95946900,1899.0
95948900,1930.0
95950900,2032.0
95952900,1889.0
95954900,1903.0
95956900,1871.0
95958900,1909.0
95960900,1910.0
95962900,1906.0
95964899,1917.0
95966900,1859.0
95968900,1965.0
95970900,1907.0
95972900,1903.0
95974900,1907.0
95976900,1900.0
95978900,1913.0
95980900,1904.0
95982900,1902.0
95984900,1904.0
95986900,1900.0
95988900,1895.0
95990900,1914.0
95992900,1904.0
95994900,1899.0
95996900,1904.0
95998900,1920.0
96000900,1901.0
96002899,1907.0
96004900,1899.0
96006900,1905.0
96008900,1901.0
96010900,1901.0
96012899,1918.0
96014899,1931.0
96016900,1901.0
96018900,1919.0
96020900,1902.0
96022900,1908.0
96024900,1872.0
96026899,1935.0
96028900,1879.0
96030900,1903.0
96032899,1883.0
96034899,1904.0
96036900,1911.0
96038899,1924.0
96040900,1933.0
96042900,1911.0
96044899,1920.0
96046900,1903.0
96048900,1905.0
96050900,1870.0
96052899,1934.0
96054899,1890.0
96056900,1856.0
96058900,1919.0
96060899,1906.0
96062900,1891.0
96064899,1904.0
96066900,1963.0
96068900,1934.0
96070899,1895.0
96072900,1873.0
96074900,1881.0
96076900,1919.0
96078900,1867.0
96080900,1891.0
96082900,1910.0
96084900,1901.0
96086899,1902.0
96088900,1904.0
96090900,1890.0
96092900,1882.0
96094900,1954.0
96096900,1877.0
96098900,1889.0
96100900,1911.0
96102900,1865.0
96104900,1834.0
96106900,1881.0
96108900,1898.0
96110900,1971.0
96112900,1905.0
96114900,1902.0
96116900,1910.0
96118899,1921.0
96120899,1899.0
96122900,1902.0
96124900,1901.0
96126900,1887.0
96128900,1963.0
96130900,1898.0
96132900,1916.0
96134900,1936.0
96136900,1921.0
96138900,1986.0
96140900,1907.0
96142900,1893.0
96144900,1921.0
96146900,1899.0
96148900,1915.0
96150900,1949.0
96152900,1920.0
96154900,1895.0
96156900,1917.0
96158900,1958.0
96160900,1911.0
96162900,1911.0
96164899,1894.0
96166900,1904.0
96168900,1904.0
96170900,1884.0
96172900,1898.0
96174900,1904.0
96176900,1876.0
96178900,1900.0
96180900,1900.0
96182900,1895.0
96184900,1886.0
96186900,1889.0
96188900,1875.0
96190900,1905.0
96192900,1904.0
96194900,1910.0
96196900,1898.0
96198899,1904.0
96200900,1897.0
96202900,1904.0
96204900,1893.0
96206900,1914.0
96208900,1897.0
96210900,1913.0
96212900,1899.0
96214899,1903.0
96216900,1904.0
96218900,1905.0
96220899,1905.0
96222900,1908.0
96224900,1905.0
96226900,1901.0
96228900,1903.0
96230899,1903.0
96232899,1910.0
96234899,1908.0
96236900,1914.0
96238900,1920.0
96240899,1906.0
96242900,1918.0
96244900,1925.0
96246900,1909.0
96248900,1939.0
96250900,1921.0
96252900,1915.0
96254900,1911.0
96256900,1910.0
96258900,1917.0
96260900,1909.0
96262900,1906.0
96264900,1907.0
96266900,1903.0
96268900,1906.0
96270900,1899.0
96272900,1899.0
96274900,1902.0
96276900,1899.0
96278900,1901.0
96280900,1895.0
96282900,1901.0
96284900,1898.0
96286900,1902.0
96288900,1904.0
96290900,1898.0
96292900,1892.0
96294900,1902.0
96296900,1899.0
96298900,1913.0
96300900,1904.0
96302900,1903.0
96304899,1895.0
96306900,1897.0
96308900,1893.0
96310900,1904.0
96312899,1903.0
96314900,1889.0
96316900,1894.0
96318900,1902.0
96320900,1896.0
96322900,1901.0
96324899,1897.0
96326900,1902.0
96328900,1902.0
96330900,1904.0
96332900,1909.0
96334900,1905.0
96336900,1911.0
96338900,1904.0
96340899,1917.0
96342900,1915.0
96344900,1914.0
96346900,1907.0
96348900,1915.0
96350899,1915.0
96352900,1917.0
96354900,1920.0
96356900,1918.0
96358900,1908.0
96360900,1907.0
96362900,1905.0
96364900,1893.0
96366900,1904.0
96368900,1904.0
96370900,1900.0
96372900,1895.0
96374900,1888.0
96376900,1885.0
96378900,1898.0
96380900,1904.0
96382900,1905.0
96384900,1905.0
96386900,1893.0
96388900,1895.0
96390900,1905.0
96392900,1887.0
96394900,1904.0
96396900,1899.0
96398900,1907.0
96400900,1904.0
96402900,1904.0
96404899,1907.0
96406900,1901.0
96408900,1900.0
96410900,1893.0
96412900,1903.0
96414900,1902.0
96416900,1903.0
96418900,1895.0
96420899,1904.0
96422900,1911.0
96424900,1900.0
96426900,1904.0
96428900,1905.0
96430900,1905.0
96432900,1920.0
96434900,1904.0
96436900,1904.0
96438900,1916.0
96440900,1915.0
96442900,1915.0
96444900,1913.0
96446900,1913.0
96448899,1913.0
96450900,1918.0
96452900,1919.0
96454900,1909.0
96456900,1915.0
96458900,1917.0
96460900,1904.0
96462900,1906.0
96464900,1904.0
96466900,1903.0
96468900,1904.0
96470900,1904.0
96472900,1892.0
96474900,1899.0
96476900,1903.0
96478900,1901.0
96480899,1904.0
96482900,1887.0
96484899,1903.0
96486899,1904.0
96488900,1903.0
96490900,1904.0
96492899,1898.0
96494899,1903.0
96496900,1904.0
96498900,1903.0
96500899,1893.0
96502900,1902.0
96504899,1911.0
96506900,1902.0
96508900,1904.0
96510900,1891.0
96512900,1898.0
96514900,1899.0
96516900,1906.0
96518899,1898.0
96520900,1895.0
96522900,1906.0
96524900,1901.0
96526900,1900.0
96528900,1917.0
96530900,1904.0
96532899,1907.0
96534900,1909.0
96536900,1913.0
96538899,1911.0
96540899,1923.0
96542899,1911.0
96544900,1918.0
96546900,1915.0
96548899,1913.0
96550900,1904.0
96552899,1911.0
96554900,1911.0
96556899,1914.0
96558900,1905.0
96560899,1911.0
96562900,1919.0
96564900,1906.0
96566900,1904.0
96568900,1904.0
96570900,1891.0
96572900,1899.0
96574899,1901.0
96576900,1904.0
96578900,1908.0
96580900,1901.0
96582899,1901.0
96584899,1903.0
96586900,1903.0
96588900,1894.0
96590900,1903.0
96592900,1904.0
96594900,1895.0
96596900,1903.0
96598899,1902.0
96600900,1891.0
96602899,1898.0
96604900,1901.0
96606900,1903.0
96608899,1899.0
96610900,1903.0
96612900,1902.0
96614900,1898.0
96616900,1901.0
96618900,1893.0
96620900,1901.0
96622899,1901.0
96624900,1898.0
96626900,1899.0
96628900,1904.0
96630900,1905.0
96632900,1905.0
96634900,1904.0
96636900,1910.0
96638900,1920.0
96640900,1918.0
96642900,1915.0
96644900,1911.0
96646900,1913.0
96648900,1914.0
96650899,1920.0
96652900,1909.0
96654900,1904.0
96656899,1917.0
96658900,1910.0
96660900,1907.0
96662899,1909.0
96664900,1907.0
96666900,1905.0
96668900,1903.0
96670900,1904.0
96672899,1904.0
96674900,1901.0
96676900,1903.0
96678900,1902.0
96680900,1903.0
96682900,1901.0
96684900,1898.0
96686900,1902.0
96688900,1902.0
96690900,1899.0
96692900,1901.0
96694900,1900.0
96696900,1823.0
96698900,1902.0
96700900,1900.0
96702900,1894.0
96704900,1901.0
96706900,1895.0
96708900,1898.0
96710900,1897.0
96712900,1902.0
96714899,1895.0
96716900,1895.0
96718900,1898.0
96720900,1903.0
96722900,1899.0
96724900,1903.0
96726900,1904.0
96728900,1903.0
96730900,1906.0
96732900,1905.0
96734900,1904.0
96736900,1907.0
96738900,1916.0
96740900,1914.0
96742900,1917.0
96744899,1936.0
96746900,1916.0
96748900,1923.0
96750900,1917.0
96752899,1905.0
96754900,1913.0
96756900,1910.0
96758899,1871.0
96760900,1907.0
96762900,1889.0
96764900,1903.0
96766900,1904.0
96768900,1904.0
96770900,1904.0
96772899,1889.0
96774899,1956.0
96776899,1954.0
96778900,1900.0
96780900,1901.0
96782900,1900.0
96784900,1921.0
96786899,1894.0
96788900,1889.0
96790900,1902.0
96792900,1901.0
96794900,1903.0
96796900,1902.0
96798899,1899.0
96800900,1938.0
96802899,1878.0
96804900,1904.0
96806900,1899.0
96808900,1894.0
96810900,1910.0
96812900,1936.0
96814899,1902.0
96816899,1904.0
96818900,1893.0
96820900,1921.0
96822900,1893.0
96824900,1900.0
96826900,1931.0
96828900,1904.0
96830900,1903.0
96832900,2061.0
96834900,1920.0
96836900,1941.0
96838900,1914.0
96840900,1933.0
96842900,1899.0
96844900,1904.0
96846900,1872.0
96848900,1915.0
96850899,1926.0
96852900,1916.0
96854900,1915.0
96856900,1930.0
96858900,1912.0
96860899,1903.0
96862899,1897.0
96864900,1904.0
96866900,1867.0
96868900,1904.0
96870899,1903.0
96872900,1849.0
96874900,1888.0
96876900,1854.0
96878900,1898.0
96880900,1904.0
96882900,1893.0
96884900,1872.0
96886900,1923.0
96888900,1899.0
96890900,1904.0
96892900,1904.0
96894900,1892.0
96896900,1903.0
96898900,1905.0
96900899,1923.0
96902900,1859.0
96904900,1902.0
96906900,1898.0
96908900,1901.0
96910900,1899.0
96912899,1888.0
96914900,1904.0
96916900,1899.0
96918900,1904.0
96920900,1903.0
96922900,1894.0
96924900,1923.0
96926900,1903.0
96928900,1904.0
96930900,1872.0
96932900,1904.0
96934899,1953.0
96936900,1909.0
96938900,1902.0
96940900,1920.0
96942900,1914.0
96944900,1918.0
96946900,1919.0
96948900,1930.0
96950900,1872.0
96952900,1917.0
96954900,1877.0
96956900,1937.0
96958900,1910.0
96960900,1914.0
96962900,1930.0
96964900,1904.0
96966900,1851.0
96968900,1834.0
96970900,1905.0
96972900,1890.0
96974900,1930.0
96976900,1907.0
96978900,1895.0
96980899,1895.0
96982900,1899.0
96984900,1873.0
96986899,1889.0
96988899,1901.0
96990900,1930.0
96992900,1987.0
96994899,1899.0
96996900,1911.0
96998900,1910.0
97000900,1893.0
97002900,1927.0
97004899,1903.0
97006900,1888.0
97008900,1879.0
97010900,1930.0
97012900,1893.0
97014900,1843.0
97016900,1857.0
97018899,1920.0
97020900,1895.0
97022900,1914.0
97024900,1901.0
97026900,1904.0
97028899,1909.0
97030900,1930.0
97032899,1922.0
97034900,1906.0
97036900,1923.0
97038899,1919.0
97040900,1861.0
97042900,1898.0
97044900,1921.0
97046899,1913.0
