timestamp_us,raw,moving_average,iir
28004891,1913.0,1910.8,1911.2
28006890,1901.0,1910.0,1908.2
28008891,1904.0,1906.2,1906.9
28010890,1906.0,1906.8,1906.6
28012891,1904.0,1905.6,1905.8
28014890,1893.0,1901.6,1902.0
28016891,1901.0,1901.6,1901.7
28018890,1893.0,1899.4,1899.1
28020891,1897.0,1897.6,1898.5
28022890,1898.0,1896.4,1898.3
28024891,1897.0,1897.2,1897.9
28026890,1901.0,1897.2,1898.8
28028891,1902.0,1899.0,1899.8
28030890,1893.0,1898.2,1897.8
28032891,1899.0,1898.4,1898.1
28034890,1899.0,1898.8,1898.4
28036891,1889.0,1896.4,1895.6
28038890,1892.0,1894.4,1894.5
28040891,1893.0,1894.4,1894.1
28042890,1898.0,1894.2,1895.2
28044891,1895.0,1893.4,1895.2
28046890,1904.0,1896.4,1897.8
28048891,1881.0,1894.2,1892.8
28050890,1921.0,1899.8,1901.2
28052891,1886.0,1897.4,1896.7
28054890,1904.0,1899.2,1898.9
28056891,1886.0,1895.6,1895.0
28058891,1893.0,1898.0,1894.4
28060891,1894.0,1892.6,1894.3
28062890,1895.0,1894.4,1894.5
28064891,1925.0,1898.6,1903.6
28066890,1902.0,1901.8,1903.2
28068891,1902.0,1903.6,1902.8
28070890,1899.0,1904.6,1901.7
28072891,1904.0,1906.4,1902.4
28074890,1898.0,1901.0,1901.1
28076891,1900.0,1900.6,1900.7
28078891,1898.0,1899.8,1899.9
28080891,1899.0,1899.8,1899.6
28082890,1903.0,1899.6,1900.6
28084891,1951.0,1910.2,1915.8
28086890,1902.0,1910.6,1911.6
28088891,1904.0,1911.8,1909.3
28090890,1914.0,1914.8,1910.7
28092891,2007.0,1935.6,1939.6
28094890,1901.0,1925.6,1928.0
28096891,1914.0,1928.0,1923.8
28098890,1907.0,1928.6,1918.8
28100891,1913.0,1928.4,1917.0
28102890,1904.0,1907.8,1913.1
28104891,1813.0,1890.2,1883.1
28106890,1888.0,1885.0,1884.6
28108892,1905.0,1884.6,1890.7
28110890,1912.0,1884.4,1897.1
28112891,1909.0,1885.4,1900.7
28114890,1970.0,1916.8,1921.5
28116892,1895.0,1918.2,1913.5
28118890,1914.0,1920.0,1913.7
28120891,1901.0,1917.8,1909.9
28122890,1895.0,1915.0,1905.4
28124891,1945.0,1910.0,1917.3
28126890,1897.0,1910.4,1911.2
28128891,1897.0,1907.0,1906.9
28130890,1920.0,1910.8,1910.9
28132891,1910.0,1913.8,1910.6
28134890,1910.0,1906.8,1910.4
28136891,1871.0,1901.6,1898.6
28138890,1898.0,1901.8,1898.4
28140891,1904.0,1898.6,1900.1
28142890,1900.0,1896.6,1900.1
28144891,1891.0,1892.8,1897.3
28146890,1898.0,1898.2,1897.5
28148891,1894.0,1897.4,1896.5
28150890,1897.0,1896.0,1896.6
28152891,1898.0,1895.6,1897.0
28154890,1825.0,1882.4,1875.4
28156891,1901.0,1883.0,1883.1
28158890,1890.0,1882.2,1885.2
28160891,1893.0,1881.4,1887.5
28162890,1899.0,1881.6,1891.0
28164892,1903.0,1897.2,1894.6
28166890,1867.0,1890.4,1886.3
28168891,1904.0,1893.2,1891.6
28170890,1902.0,1895.0,1894.7
28172891,1847.0,1884.6,1880.4
28174890,1872.0,1878.4,1877.9
28176891,1905.0,1886.0,1886.0
28178890,1895.0,1884.2,1888.7
28180891,1904.0,1884.6,1893.3
28182890,1915.0,1898.2,1899.8
28184891,1894.0,1902.6,1898.1
28186890,1904.0,1902.4,1899.8
28188891,1916.0,1906.6,1904.7
28190890,1926.0,1911.0,1911.1
28192891,1919.0,1911.8,1913.5
28194890,1923.0,1917.6,1916.3
28196891,1872.0,1911.2,1903.0
28198890,1908.0,1909.6,1904.5
28200891,1905.0,1905.4,1904.7
28202890,1910.0,1903.6,1906.3
28204891,1904.0,1899.8,1905.6
28206890,1906.0,1906.6,1905.7
28208891,1897.0,1904.4,1903.1
28210891,1904.0,1904.2,1903.4
28212891,1882.0,1898.6,1897.0
28214890,1903.0,1898.4,1898.8
28216891,1823.0,1881.8,1876.0
28218890,1904.0,1883.2,1884.4
28220891,1909.0,1884.2,1891.8
28222890,1901.0,1888.0,1894.6
28224891,1903.0,1888.0,1897.1
28226890,1867.0,1896.8,1888.1
28228891,1899.0,1895.8,1891.3
28230890,1895.0,1893.0,1892.4
28232891,1902.0,1893.2,1895.3
28234890,1900.0,1892.6,1896.7
28236891,1889.0,1897.0,1894.4
28238890,1923.0,1901.8,1903.0
28240891,1894.0,1901.6,1900.3
28242890,1895.0,1900.2,1898.7
28244891,1862.0,1892.6,1887.7
28246890,1899.0,1894.6,1891.1
28248891,1905.0,1891.0,1895.3
28250890,1870.0,1886.2,1887.7
28252891,1871.0,1881.4,1882.7
28254890,1886.0,1886.2,1883.7
28256891,1894.0,1885.2,1886.8
28258890,1900.0,1884.2,1890.7
28260891,1901.0,1890.4,1893.8
28262890,1897.0,1895.6,1894.8
28264891,1909.0,1900.2,1899.0
28266890,1876.0,1896.6,1892.1
28268891,1903.0,1897.2,1895.4
28270890,1895.0,1896.0,1895.3
28272891,1897.0,1896.0,1895.8
28274890,1872.0,1888.6,1888.7
28276891,1936.0,1900.6,1902.9
28278890,1922.0,1904.4,1908.6
28280891,1911.0,1907.6,1909.3
28282890,1886.0,1905.4,1902.3
28284891,1904.0,1911.8,1902.8
28286890,1911.0,1906.8,1905.3
28288891,1923.0,1907.0,1910.6
28290890,1910.0,1906.8,1910.4
28292891,1909.0,1911.4,1910.0
28294890,1917.0,1914.0,1912.1
28296891,1934.0,1918.6,1918.7
28298890,1906.0,1915.2,1914.9
28300891,1917.0,1916.6,1915.5
28302890,2000.0,1934.8,1940.9
28304891,1917.0,1934.8,1933.7
28306890,1925.0,1933.0,1931.1
28308891,1895.0,1930.8,1920.3
28310890,1914.0,1930.2,1918.4
28312891,1915.0,1913.2,1917.4
28314890,1909.0,1911.6,1914.9
28316891,1904.0,1907.4,1911.6
28318890,1897.0,1907.8,1907.2
28320891,1837.0,1892.4,1886.2
28322890,1899.0,1889.2,1890.0
28324891,1901.0,1887.6,1893.3
28326890,1896.0,1886.0,1894.1
28328892,1904.0,1887.4,1897.1
28330890,1906.0,1901.2,1899.8
28332891,1887.0,1898.8,1895.9
28334890,1904.0,1899.4,1898.4
28336891,1933.0,1906.8,1908.7
28338890,1901.0,1906.2,1906.4
28340891,1898.0,1904.6,1903.9
28342890,1825.0,1892.2,1880.2
28344891,1895.0,1890.4,1884.7
28346890,1872.0,1878.2,1880.9
28348891,1909.0,1879.8,1889.3
28350890,1893.0,1878.8,1890.4
28352891,1885.0,1890.8,1888.8
28354890,1887.0,1889.2,1888.3
28356891,1895.0,1893.8,1890.3
28358890,1920.0,1896.0,1899.2
28360891,1874.0,1892.2,1891.6
28362890,1915.0,1898.2,1898.6
28364891,1903.0,1901.4,1900.0
28366890,1901.0,1902.6,1900.3
28368891,1898.0,1898.2,1899.6
28370890,1897.0,1902.8,1898.8
28372891,1904.0,1900.6,1900.4
28374890,1889.0,1897.8,1897.0
28376891,1904.0,1898.4,1899.1
28378890,1904.0,1899.6,1900.5
28380891,1908.0,1901.8,1902.8
28382890,1932.0,1907.4,1911.5
28384892,1904.0,1910.4,1909.3
28386890,1913.0,1912.2,1910.4
28388891,1903.0,1912.0,1908.2
28390890,1914.0,1913.2,1909.9
28392891,1904.0,1907.6,1908.1
28394890,1915.0,1909.8,1910.2
28396891,1879.0,1903.0,1900.8
28398890,1922.0,1906.8,1907.2
28400891,1915.0,1907.0,1909.5
28402890,1895.0,1905.2,1905.2
28404891,1908.0,1903.8,1906.0
28406890,1910.0,1910.0,1907.2
28408891,1907.0,1907.0,1907.2
28410890,1888.0,1901.6,1901.4
28412891,1904.0,1903.4,1902.2
28414890,1903.0,1902.4,1902.4
28416891,1901.0,1900.6,1902.0
28418890,1890.0,1897.2,1898.4
28420891,1904.0,1900.4,1900.1
28422890,1902.0,1900.0,1900.7
28424891,1898.0,1899.0,1899.9
28426890,1893.0,1897.4,1897.8
28428891,1899.0,1899.2,1898.2
28430890,1899.0,1898.2,1898.4
28432891,1891.0,1896.0,1896.2
28434890,1897.0,1895.8,1896.4
28436891,1899.0,1897.0,1897.2
28438890,1890.0,1895.2,1895.0
28440891,1902.0,1895.8,1897.1
28442890,1904.0,1898.4,1899.2
28444891,1907.0,1900.4,1901.5
28446890,1889.0,1898.4,1897.8
28448891,1895.0,1899.4,1896.9
28450891,1879.0,1894.8,1891.6
28452891,1914.0,1896.8,1898.3
28454890,1897.0,1894.8,1897.9
28456891,1887.0,1894.4,1894.6
28458890,1918.0,1899.0,1901.6
28460891,1894.0,1902.0,1899.4
28462890,1895.0,1898.2,1898.0
28464892,1899.0,1898.6,1898.3
28466890,1879.0,1897.0,1892.5
28468891,1903.0,1894.0,1895.7
28470890,1895.0,1894.2,1895.5
28472891,1902.0,1895.6,1897.4
28474890,1904.0,1896.6,1899.4
28476891,1895.0,1899.8,1898.1
28478890,1884.0,1896.0,1893.9
28480891,1904.0,1897.8,1896.9
28482890,1904.0,1898.2,1899.0
28484891,1906.0,1898.6,1901.1
28486891,1903.0,1900.2,1901.7
28488891,1903.0,1904.0,1902.1
28490890,1915.0,1906.2,1906.0
28492891,1919.0,1909.2,1909.9
28494890,1910.0,1910.0,1909.9
28496891,1911.0,1911.6,1910.2
28498890,1921.0,1915.2,1913.5
28500891,1914.0,1915.0,1913.6
28502890,1901.0,1911.4,1909.8
28504891,1917.0,1912.8,1912.0
28506890,1913.0,1913.2,1912.3
28508891,1917.0,1912.4,1913.7
28510890,1924.0,1914.4,1916.8
28512891,1909.0,1916.0,1914.5
28514890,1929.0,1918.4,1918.8
28516891,1906.0,1917.0,1915.0
28518890,1881.0,1909.8,1904.8
28520891,1892.0,1903.4,1900.9
28522890,1895.0,1900.6,1899.2
28524891,1895.0,1893.8,1897.9
28526890,1893.0,1891.2,1896.4
28528891,1898.0,1894.6,1896.9
28530890,1891.0,1894.4,1895.1
28532891,1891.0,1893.6,1893.9
28534890,1904.0,1895.4,1896.9
28536891,1895.0,1895.8,1896.3
28538890,1891.0,1894.4,1894.7
28540891,1904.0,1897.0,1897.5
28542890,1895.0,1897.8,1896.8
28544891,1878.0,1892.6,1891.1
28546890,1903.0,1894.2,1894.7
28548891,1901.0,1896.2,1896.6
28550890,1899.0,1895.2,1897.3
28552891,1903.0,1896.8,1899.0
28554890,1904.0,1902.0,1900.5
28556891,1872.0,1895.8,1892.0
28558890,1891.0,1893.8,1891.7
28560891,1902.0,1894.4,1894.8
28562890,1903.0,1894.4,1897.2
28564891,1884.0,1890.4,1893.3
28566890,1894.0,1894.8,1893.5
28568891,1904.0,1897.4,1896.6
28570890,1895.0,1896.0,1896.1
28572891,1913.0,1898.0,1901.2
28574890,1911.0,1903.4,1904.1
28576891,1895.0,1903.6,1901.4
28578890,1899.0,1902.6,1900.7
28580891,1904.0,1904.4,1901.7
28582890,1904.0,1902.6,1902.4
28584891,1904.0,1901.2,1902.9
28586890,1899.0,1902.0,1901.7
28588891,1899.0,1902.0,1900.9
28590890,1903.0,1901.8,1901.5
28592891,1917.0,1904.4,1906.2
28594890,1921.0,1907.8,1910.6
28596891,1906.0,1909.2,1909.2
28598890,1908.0,1911.0,1908.9
28600891,1920.0,1914.4,1912.2
28602890,1904.0,1911.8,1909.7
28604891,1917.0,1911.0,1911.9
28606890,1909.0,1911.6,1911.0
28608892,1908.0,1911.6,1910.1
28610890,1913.0,1910.2,1911.0
28612891,1904.0,1910.2,1908.9
28614890,1905.0,1907.8,1907.7
28616891,1898.0,1905.6,1904.8
28618890,1904.0,1904.8,1904.6
28620891,1896.0,1901.4,1902.0
28622890,1904.0,1901.4,1902.6
28624892,1904.0,1901.2,1903.0
28626890,1915.0,1904.6,1906.6
28628891,1904.0,1904.6,1905.8
28630890,1872.0,1899.8,1895.7
28632891,1895.0,1898.0,1895.5
28634890,1901.0,1897.4,1897.1
28636891,1887.0,1891.8,1894.1
28638890,1904.0,1891.8,1897.1
28640891,1894.0,1896.2,1896.1
28642890,1888.0,1894.8,1893.7
28644891,1904.0,1895.4,1896.8
28646890,1898.0,1897.6,1897.2
28648891,1904.0,1897.6,1899.2
28650890,1894.0,1897.6,1897.6
28652891,1901.0,1900.2,1898.7
28654890,1875.0,1894.4,1891.6
28656892,1904.0,1895.6,1895.3
28658890,1901.0,1895.0,1897.0
28660891,1904.0,1897.0,1899.1
28662890,1894.0,1895.6,1897.6
28664891,1897.0,1900.0,1897.4
28666890,1904.0,1900.0,1899.4
28668891,1894.0,1898.6,1897.8
28670890,1893.0,1896.4,1896.3
28672891,1901.0,1897.8,1897.7
28674890,1891.0,1896.6,1895.7
28676891,1905.0,1896.8,1898.5
28678890,1901.0,1898.2,1899.3
28680891,1893.0,1898.2,1897.4
28682890,1904.0,1898.8,1899.4
28684891,1915.0,1903.6,1904.1
28686890,1901.0,1902.8,1903.1
28688891,1914.0,1905.4,1906.4
28690890,1917.0,1910.2,1909.6
28692891,1905.0,1910.4,1908.2
28694890,1919.0,1911.2,1911.4
28696891,1917.0,1914.4,1913.1
28698890,1926.0,1916.8,1917.0
28700891,1911.0,1915.6,1915.2
28702890,1910.0,1916.6,1913.6
28704892,1911.0,1915.0,1912.8
28706890,1907.0,1913.0,1911.1
28708891,1905.0,1908.8,1909.3
28710890,1904.0,1907.4,1907.7
28712891,1935.0,1912.4,1915.9
28714890,1913.0,1912.8,1915.0
28716891,1901.0,1911.6,1910.8
28718890,1898.0,1910.2,1907.0
28720891,1911.0,1911.6,1908.2
28722890,1904.0,1905.4,1906.9
28724891,1899.0,1902.6,1904.5
28726890,1897.0,1901.8,1902.3
28728891,1897.0,1901.6,1900.7
28730890,1899.0,1899.2,1900.2
28732891,1901.0,1898.6,1900.4
28734890,1897.0,1898.2,1899.4
28736891,1907.0,1900.2,1901.7
28738890,1894.0,1899.6,1899.4
28740891,1910.0,1901.8,1902.6
28742890,1902.0,1902.0,1902.4
28744891,1901.0,1902.8,1902.0
28746890,1901.0,1901.6,1901.7
28748891,1893.0,1901.4,1899.1
28750890,1898.0,1899.0,1898.8
28752891,1904.0,1899.4,1900.3
28754890,1899.0,1899.0,1899.9
28756891,1895.0,1897.8,1898.5
28758890,1894.0,1898.0,1897.1
28760891,1899.0,1898.2,1897.7
28762890,1899.0,1897.2,1898.1
28764891,1898.0,1897.0,1898.1
28766890,1894.0,1896.8,1896.8
28768891,1907.0,1899.4,1899.9
28770890,1903.0,1900.2,1900.8
28772891,1899.0,1900.2,1900.3
28774890,1904.0,1901.4,1901.4
28776891,1905.0,1903.6,1902.5
28778890,1905.0,1903.2,1903.2
28780891,1898.0,1902.2,1901.7
28782890,1904.0,1903.2,1902.4
28784891,1904.0,1903.2,1902.9
28786890,1920.0,1906.2,1908.0
28788891,1904.0,1906.0,1906.8
28790890,1917.0,1909.8,1909.9
28792891,1904.0,1909.8,1908.1
28794890,1909.0,1910.8,1908.4
28796891,1909.0,1908.6,1908.6
28798890,1907.0,1909.2,1908.1
28800891,1915.0,1908.8,1910.2
28802890,1911.0,1910.2,1910.4
28804891,1904.0,1909.2,1908.5
28806890,1917.0,1910.8,1911.0
28808891,1916.0,1912.6,1912.5
28810890,1908.0,1911.2,1911.2
28812891,1905.0,1910.0,1909.3
28814890,1902.0,1909.6,1907.1
28816891,1906.0,1907.4,1906.8
28818890,1899.0,1904.0,1904.5
28820891,1902.0,1902.8,1903.7
28822890,1904.0,1902.6,1903.8
28824891,1899.0,1902.0,1902.4
28826890,1915.0,1903.8,1906.2
28828891,1899.0,1903.8,1904.0
28830890,1904.0,1904.2,1904.0
28832891,1904.0,1904.2,1904.0
28834890,1888.0,1902.0,1899.2
28836891,1863.0,1891.6,1888.3
28838890,1902.0,1892.2,1892.4
28840891,1900.0,1891.4,1894.7
28842890,1904.0,1891.4,1897.5
28844891,1898.0,1893.4,1897.6
28846890,1898.0,1900.4,1897.8
28848891,1888.0,1897.6,1894.8
28850890,1903.0,1898.2,1897.3
28852891,1894.0,1896.2,1896.3
28854890,1899.0,1896.4,1897.1
28856891,1892.0,1895.2,1895.6
28858890,1900.0,1897.6,1896.9
28860891,1874.0,1891.8,1890.0
28862891,1898.0,1892.6,1892.4
28864891,1901.0,1893.0,1895.0
28866891,1904.0,1895.4,1897.7
28868891,1899.0,1895.2,1898.1
28870890,1899.0,1900.2,1898.4
28872891,1899.0,1900.4,1898.6
28874890,1898.0,1899.8,1898.4
28876891,1901.0,1899.2,1899.2
28878890,1907.0,1900.8,1901.5
28880891,1901.0,1901.2,1901.4
28882890,1905.0,1902.4,1902.5
28884891,1902.0,1903.2,1902.3
28886890,1916.0,1906.2,1906.4
28888891,1898.0,1904.4,1903.9
28890890,1913.0,1906.8,1906.6
28892891,1915.0,1908.8,1909.1
28894890,1907.0,1909.8,1908.5
28896891,1909.0,1908.4,1908.6
28898890,1906.0,1910.0,1907.9
28900891,1909.0,1909.2,1908.2
28902890,1904.0,1907.0,1906.9
28904891,1900.0,1905.6,1904.9
28906890,1909.0,1905.6,1906.1
28908891,1902.0,1904.8,1904.9
28910890,1904.0,1903.8,1904.6
28912891,1903.0,1903.6,1904.1
28914890,1910.0,1905.6,1905.9
28916891,1902.0,1904.2,1904.7
28918890,1905.0,1904.8,1904.8
28920891,1904.0,1904.8,1904.6
28922890,1900.0,1904.2,1903.2
28924891,1899.0,1902.0,1901.9
28926890,1906.0,1902.8,1903.2
28928891,1898.0,1901.4,1901.6
28930890,1869.0,1894.4,1891.8
28932891,1901.0,1894.6,1894.6
28934890,1904.0,1895.6,1897.4
28936891,1900.0,1894.4,1898.2
28938890,1879.0,1890.6,1892.4
28940891,1884.0,1893.6,1889.9
28942890,1904.0,1894.2,1894.1
28944891,1901.0,1893.6,1896.2
28946890,1901.0,1893.8,1897.6
28948891,1895.0,1897.0,1896.8
28950890,1884.0,1897.0,1893.0
28952891,1903.0,1896.8,1896.0
28954890,1904.0,1897.4,1898.4
28956891,1969.0,1911.0,1919.6
28958890,1899.0,1911.8,1913.4
28960891,1916.0,1918.2,1914.2
28962890,1898.0,1917.2,1909.3
28964891,1899.0,1916.2,1906.2
28966890,1903.0,1903.0,1905.3
28968891,1905.0,1904.2,1905.2
28970890,1898.0,1900.6,1903.0
28972891,1901.0,1901.2,1902.4
28974890,1897.0,1900.8,1900.8
28976891,1903.0,1900.8,1901.5
28978890,1907.0,1901.2,1903.1
28980891,1905.0,1902.6,1903.7
28982890,1900.0,1902.4,1902.6
28984891,1893.0,1901.6,1899.7
28986890,1907.0,1902.4,1901.9
28988891,1904.0,1901.8,1902.5
28990890,1906.0,1902.0,1903.6
28992891,1911.0,1904.2,1905.8
28994890,1922.0,1910.0,1910.7
28996891,1907.0,1910.0,1909.6
28998890,1904.0,1910.0,1907.9
29000891,1909.0,1910.6,1908.2
29002890,1856.0,1899.6,1892.6
29004891,1911.0,1897.4,1898.1
29006890,1904.0,1896.8,1899.9
29008891,1895.0,1895.0,1898.4
29010890,1895.0,1892.2,1897.4
29012891,1939.0,1908.8,1909.9
29014890,1904.0,1907.4,1908.1
29016892,1891.0,1904.8,1903.0
29018890,1971.0,1920.0,1923.4
29020891,1890.0,1919.0,1913.4
29022890,1917.0,1914.6,1914.5
29024891,1889.0,1911.6,1906.8
29026890,1898.0,1913.0,1904.2
29028891,1888.0,1896.4,1899.3
29030890,1845.0,1887.4,1883.0
29032892,1898.0,1883.6,1887.5
29034890,1904.0,1886.6,1892.5
29036891,1941.0,1895.2,1907.0
29038890,1901.0,1897.8,1905.2
29040891,1883.0,1905.4,1898.6
29042890,1919.0,1909.6,1904.7
29044891,1889.0,1906.6,1900.0
29046890,1879.0,1894.2,1893.7
29048891,1900.0,1894.0,1895.6
29050890,1899.0,1897.2,1896.6
29052891,1934.0,1900.2,1907.8
29054890,1901.0,1902.6,1905.8
29056891,1894.0,1905.6,1902.2
29058890,1875.0,1900.6,1894.1
29060891,1854.0,1891.6,1882.0
29062890,1917.0,1888.2,1892.5
29064891,1889.0,1885.8,1891.5
29066890,1883.0,1883.6,1888.9
29068891,1933.0,1895.2,1902.2
29070890,1914.0,1907.2,1905.7
29072891,1902.0,1904.2,1904.6
29074890,1897.0,1905.8,1902.3
29076891,1901.0,1909.4,1901.9
29078890,1910.0,1904.8,1904.3
29080891,1901.0,1902.2,1903.3
29082890,1884.0,1898.6,1897.5
29084891,1901.0,1899.4,1898.6
29086890,1872.0,1893.6,1890.6
29088891,1907.0,1893.0,1895.5
29090890,1904.0,1893.6,1898.1
29092891,1909.0,1898.6,1901.3
29094890,1940.0,1906.4,1912.9
29096891,1922.0,1916.4,1915.7
29098890,1919.0,1918.8,1916.7
29100891,1917.0,1921.4,1916.8
29102890,1974.0,1934.4,1933.9
29104891,1947.0,1935.8,1937.9
29106890,1914.0,1934.2,1930.7
29108891,1901.0,1930.6,1921.8
29110890,1906.0,1928.4,1917.1
29112891,1915.0,1916.6,1916.4
29114890,1903.0,1907.8,1912.4
29116891,1904.0,1905.8,1909.9
29118890,1910.0,1907.6,1909.9
29120891,1895.0,1905.4,1905.4
29122890,1914.0,1905.2,1908.0
29124891,1917.0,1908.0,1910.7
29126891,1959.0,1919.0,1925.2
29938890,1904.0,1899.0,1900.4
29940891,1901.0,1899.6,1900.6
29942890,1882.0,1897.4,1895.0
29944891,1893.0,1896.6,1894.4
29946890,1890.0,1894.0,1893.1
29948891,1900.0,1893.2,1895.2
29950890,1901.0,1893.2,1896.9
29952891,1905.0,1897.8,1899.3
29954890,1878.0,1894.8,1892.9
29956891,1905.0,1897.8,1896.6
29958890,1878.0,1893.4,1891.0
29960892,1979.0,1909.0,1917.4
29962890,1895.0,1907.0,1910.7
29964891,1902.0,1911.8,1908.1
29966890,1904.0,1911.6,1906.9
29968891,1904.0,1916.8,1906.0
29970890,1901.0,1901.2,1904.5
29972891,1899.0,1902.0,1902.8
29974890,1899.0,1901.4,1901.7
29976891,1906.0,1901.8,1903.0
29978890,1887.0,1898.4,1898.2
29980891,1898.0,1897.8,1898.1
29982890,1915.0,1901.0,1903.2
29984891,1903.0,1901.8,1903.1
29986890,1923.0,1905.2,1909.1
29988891,1914.0,1910.6,1910.6
29990890,1905.0,1912.0,1908.9
29992891,1847.0,1898.4,1890.3
29994890,1909.0,1899.6,1895.9
29996891,1918.0,1898.6,1902.6
29998890,1879.0,1891.6,1895.5
30000891,1850.0,1880.6,1881.8
30002890,1915.0,1894.2,1891.8
30004891,1904.0,1893.2,1895.5
30006890,1918.0,1893.2,1902.2
30008891,1900.0,1897.4,1901.6
30010890,1919.0,1911.2,1906.8
30012891,1927.0,1913.6,1912.9
30014890,1879.0,1908.6,1902.7
30016891,1905.0,1906.0,1903.4
30018890,1903.0,1906.6,1903.3
30020891,1891.0,1901.0,1899.6
30022890,1903.0,1896.2,1900.6
30024891,1904.0,1901.2,1901.6
30026890,1922.0,1904.6,1907.7
30028891,1899.0,1903.8,1905.1
30030890,1926.0,1910.8,1911.4
30032891,1893.0,1908.8,1905.9
30034890,1905.0,1909.0,1905.6
30036891,1891.0,1902.8,1901.2
30038890,1899.0,1902.8,1900.6
30040891,1878.0,1893.2,1893.8
30042890,1898.0,1894.2,1895.1
30044891,1894.0,1892.0,1894.7
30046890,1866.0,1887.0,1886.1
30048891,1897.0,1886.6,1889.4
30050890,1900.0,1891.0,1892.6
30052891,1897.0,1890.8,1893.9
30054890,1934.0,1898.8,1905.9
30056891,1905.0,1906.6,1905.6
30058890,1890.0,1905.2,1901.0
30060892,1886.0,1902.4,1896.5
30062890,1895.0,1902.0,1896.0
30064891,1903.0,1895.8,1898.1
30066890,1895.0,1893.8,1897.2
30068891,1922.0,1900.2,1904.6
30070890,1905.0,1904.0,1904.7
30072891,1885.0,1902.0,1898.8
30074891,1897.0,1900.8,1898.3
30076891,1901.0,1902.0,1899.1
30078890,1904.0,1898.4,1900.6
30080891,1904.0,1898.2,1901.6
30082890,1915.0,1904.2,1905.6
30084891,1901.0,1905.0,1904.2
30086890,1932.0,1911.2,1912.6
30088891,1883.0,1907.0,1903.7
30090890,1904.0,1907.0,1903.8
30092891,1915.0,1907.0,1907.1
30094890,1909.0,1908.6,1907.7
30096891,1901.0,1902.4,1905.7
30098890,1913.0,1908.4,1907.9
30100891,1914.0,1910.4,1909.7
30102890,1913.0,1910.0,1910.7
30104891,1909.0,1910.0,1910.2
30106890,1906.0,1911.0,1908.9
30108891,1905.0,1909.4,1907.8
30110890,1902.0,1907.0,1906.0
30112892,1903.0,1905.0,1905.1
30114890,1904.0,1904.0,1904.8
30116891,1902.0,1903.2,1903.9
30118890,1895.0,1901.2,1901.3
30120891,1904.0,1901.6,1902.1
30122890,1893.0,1899.6,1899.4
30124892,1885.0,1895.8,1895.1
30126890,1891.0,1893.6,1893.8
30128891,1898.0,1894.2,1895.1
30130890,1894.0,1892.2,1894.8
30132891,1898.0,1893.2,1895.7
30134890,1905.0,1897.2,1898.5
30136892,1897.0,1898.4,1898.1
30138890,1871.0,1893.0,1889.9
30140891,1901.0,1894.4,1893.3
30142890,1887.0,1892.2,1891.4
30144891,1891.0,1889.4,1891.3
30146890,1898.0,1889.6,1893.3
30148891,1920.0,1899.4,1901.3
30150890,1874.0,1894.0,1893.1
30152891,1904.0,1897.4,1896.4
30154890,1902.0,1899.6,1898.1
30156891,1886.0,1897.2,1894.4
30158890,1899.0,1893.0,1895.8
30160892,1920.0,1902.2,1903.1
30162890,1892.0,1899.8,1899.7
30164891,1894.0,1898.2,1898.0
30166890,1898.0,1900.6,1898.0
30168891,1901.0,1901.0,1898.9
30170890,1878.0,1892.6,1892.6
30172891,1897.0,1893.6,1893.9
30174890,1891.0,1893.0,1893.1
30176891,1899.0,1893.2,1894.8
30178890,1900.0,1893.0,1896.4
30180891,1904.0,1898.2,1898.7
30182890,1906.0,1900.0,1900.9
30184892,1893.0,1900.4,1898.5
30186890,1913.0,1903.2,1902.9
30188892,1909.0,1905.0,1904.7
30190890,1913.0,1906.8,1907.2
30192891,1899.0,1905.4,1904.7
30194890,1905.0,1907.8,1904.8
30196891,1910.0,1907.2,1906.4
30198890,1918.0,1909.0,1909.9
30200891,1911.0,1908.6,1910.2
30202890,1905.0,1909.8,1908.6
30204891,1907.0,1910.2,1908.1
30206891,1904.0,1909.0,1906.9
30208891,1905.0,1906.4,1906.3
30210890,1903.0,1904.8,1905.3
30212891,1899.0,1903.6,1903.4
30214890,1909.0,1904.0,1905.1
30216891,1901.0,1903.4,1903.9
30218890,1902.0,1902.8,1903.3
30220891,1899.0,1902.0,1902.0
30222890,1891.0,1900.4,1898.7
30224891,1904.0,1899.4,1900.3
30226890,1895.0,1898.2,1898.7
30228891,1901.0,1898.0,1899.4
30230890,1900.0,1898.2,1899.6
30232891,1898.0,1899.6,1899.1
30234890,1899.0,1898.6,1899.1
30236891,1895.0,1898.6,1897.9
30238890,1891.0,1896.6,1895.8
30240891,1901.0,1896.8,1897.4
30242890,1902.0,1897.6,1898.7
30244891,1901.0,1898.0,1899.4
30246890,1895.0,1898.0,1898.1
30248891,1904.0,1900.6,1899.9
30250890,1907.0,1901.8,1902.0
30252891,1895.0,1900.4,1899.9
30254890,1909.0,1902.0,1902.6
30256891,1895.0,1902.0,1900.3
30258890,1910.0,1903.2,1903.2
30260891,1901.0,1902.0,1902.6
30262890,1901.0,1903.2,1902.1
30264891,1900.0,1901.4,1901.5
30266890,1893.0,1901.0,1898.9
30268891,1905.0,1900.0,1900.7
30270890,1893.0,1898.4,1898.4
30272891,1893.0,1896.8,1896.8
30274890,1904.0,1897.6,1899.0
30276891,1898.0,1898.6,1898.7
30278890,1875.0,1892.6,1891.6
30280891,1901.0,1894.2,1894.4
30282890,1910.0,1897.6,1899.1
30284891,1907.0,1898.2,1901.5
30286890,1904.0,1899.4,1902.2
30288891,1910.0,1906.4,1904.6
30290891,1909.0,1908.0,1905.9
30292891,1931.0,1912.2,1913.4
30294890,1909.0,1912.6,1912.1
30296891,1917.0,1915.2,1913.6
30298891,1911.0,1915.4,1912.8
30300891,1912.0,1916.0,1912.6
30302890,1911.0,1912.0,1912.1
30304891,1914.0,1913.0,1912.7
30306890,1918.0,1913.2,1914.3
30308891,1904.0,1911.8,1911.2
30310890,1910.0,1911.4,1910.8
30312891,1906.0,1910.4,1909.4
30314890,1899.0,1907.4,1906.3
30316891,1904.0,1904.6,1905.6
30318890,1893.0,1902.4,1901.8
30320892,1904.0,1901.2,1902.5
30322890,1902.0,1900.4,1902.3
30324891,1904.0,1901.4,1902.8
30326890,1903.0,1901.2,1902.9
30328892,1905.0,1903.6,1903.5
30330890,1904.0,1903.6,1903.7
30332891,1895.0,1902.2,1901.1
30334890,1903.0,1902.0,1901.6
30336891,1903.0,1902.0,1902.1
30338890,1895.0,1900.0,1899.9
30340891,1897.0,1898.6,1899.1
30342890,1891.0,1897.8,1896.6
30344891,1901.0,1897.4,1897.9
30346890,1903.0,1897.4,1899.5
30348891,1904.0,1899.2,1900.8
30350890,1904.0,1900.6,1901.8
30352891,1891.0,1900.6,1898.5
30354890,1906.0,1901.6,1900.8
30356892,1895.0,1900.0,1899.0
30358890,1899.0,1899.0,1899.0
30360892,1901.0,1898.4,1899.6
30362890,1910.0,1902.2,1902.7
30364891,1898.0,1900.6,1901.3
30366890,1890.0,1899.6,1897.9
30368891,1904.0,1900.6,1899.7
30370890,1901.0,1900.6,1900.1
30372891,1898.0,1898.2,1899.5
30374890,1905.0,1899.6,1901.1
30376891,1904.0,1902.4,1902.0
30378890,1900.0,1901.6,1901.4
30380891,1901.0,1901.6,1901.3
30382891,1899.0,1901.8,1900.6
30384891,1906.0,1902.0,1902.2
30386890,1899.0,1901.0,1901.3
30388891,1917.0,1904.4,1906.0
30390890,1919.0,1908.0,1909.9
30392891,1904.0,1909.0,1908.1
30394890,1912.0,1910.2,1909.3
30396891,1911.0,1912.6,1909.8
30398890,1904.0,1910.0,1908.1
30400891,1911.0,1908.4,1908.9
30402890,1915.0,1910.6,1910.8
30404892,1902.0,1908.6,1908.1
30406890,1905.0,1907.4,1907.2
30408891,1930.0,1912.6,1914.0
30410890,1904.0,1911.2,1911.0
30412891,1925.0,1913.2,1915.2
30414890,1905.0,1913.8,1912.2
30416891,1911.0,1915.0,1911.8
30418890,1901.0,1909.2,1908.6
30420891,1904.0,1909.2,1907.2
30422890,1891.0,1902.4,1902.3
30424891,1895.0,1900.4,1900.1
30426891,1898.0,1897.8,1899.5
30428891,1898.0,1897.2,1899.0
30430890,1904.0,1897.2,1900.5
30432891,1904.0,1899.8,1901.6
30434890,1902.0,1901.2,1901.7
30436891,1895.0,1900.6,1899.7
30438890,1908.0,1902.6,1902.2
30440891,1900.0,1901.8,1901.5
30442890,1895.0,1900.0,1899.6
30444891,1902.0,1900.0,1900.3
30446890,1899.0,1900.8,1899.9
30448891,1895.0,1898.2,1898.4
30450890,1903.0,1898.8,1899.8
30452892,1894.0,1898.6,1898.1
30454890,1888.0,1895.8,1895.0
30456891,1898.0,1895.6,1895.9
30458890,1905.0,1897.6,1898.7
30460891,1891.0,1895.2,1896.4
30462890,1902.0,1896.8,1898.0
30464891,1904.0,1900.0,1899.8
30466890,1880.0,1896.4,1893.9
30468891,1907.0,1896.8,1897.8
30470890,1898.0,1898.2,1897.9
30472891,1899.0,1897.6,1898.2
30474891,1903.0,1897.4,1899.6
30476891,1895.0,1900.4,1898.3
30478890,1899.0,1898.8,1898.5
30480891,1904.0,1900.0,1900.1
30482890,1894.0,1899.0,1898.3
30484891,1905.0,1899.4,1900.3
30486890,1904.0,1901.2,1901.4
30488891,1906.0,1902.6,1902.8
30490890,1905.0,1902.8,1903.5
30492891,1914.0,1906.8,1906.6
30494891,1913.0,1908.4,1908.5
30496891,1903.0,1908.2,1906.9
30498890,1914.0,1909.8,1909.0
30500892,1905.0,1909.8,1907.8
30502890,1920.0,1911.0,1911.5
30504891,1902.0,1908.8,1908.6
30506890,1910.0,1910.2,1909.0
30508891,1909.0,1909.2,1909.0
30510890,1906.0,1909.4,1908.1
30512891,1906.0,1906.6,1907.5
30514890,1905.0,1907.2,1906.7
30516891,1895.0,1904.2,1903.2
30518890,1905.0,1903.4,1903.8
30520891,1893.0,1900.8,1900.5
30522890,1901.0,1899.8,1900.7
30524891,1894.0,1897.6,1898.7
30526890,1898.0,1898.2,1898.5
30528891,1904.0,1898.0,1900.1
30530890,1892.0,1897.8,1897.7
30532891,1893.0,1896.2,1896.3
30534890,1901.0,1897.6,1897.7
30536891,1892.0,1896.4,1896.0
30538890,1879.0,1891.4,1890.9
30540891,1901.0,1893.2,1893.9
30542890,1891.0,1892.8,1893.0
30544891,1904.0,1893.4,1896.3
30546890,1901.0,1895.2,1897.7
30548891,1914.0,1902.2,1902.6
30550890,1890.0,1900.0,1898.8
30552891,1911.0,1904.0,1902.5
30554890,1904.0,1904.0,1902.9
30556891,1911.0,1906.0,1905.4
30558890,1898.0,1902.8,1903.1
30560891,1901.0,1905.0,1902.5
30562891,1905.0,1903.8,1903.3
30564891,1895.0,1902.0,1900.8
30566890,1878.0,1895.4,1893.9
30568891,1891.0,1894.0,1893.1
30570890,1906.0,1895.0,1896.9
30572891,1894.0,1892.8,1896.1
30574890,1903.0,1894.4,1898.1
30576891,1840.0,1886.8,1880.7
30578890,1886.0,1885.8,1882.3
30580891,1904.0,1885.4,1888.8
30582890,1904.0,1887.4,1893.4
30584891,1904.0,1887.6,1896.6
30586890,1877.0,1895.0,1890.7
30588891,1943.0,1906.4,1906.4
30590890,1903.0,1906.2,1905.4
30592891,1916.0,1908.6,1908.6
30594890,1903.0,1908.4,1906.9
30596891,1900.0,1913.0,1904.8
30598890,1909.0,1906.2,1906.1
30600891,1873.0,1900.2,1896.2
30602890,1936.0,1904.2,1908.1
30604891,1919.0,1907.4,1911.4
30606890,1913.0,1910.0,1911.9
30608891,1900.0,1908.2,1908.3
30610890,1846.0,1902.8,1889.6
30612891,1904.0,1896.4,1893.9
30614890,1934.0,1899.4,1906.0
30616891,1921.0,1901.0,1910.5
30618890,1904.0,1901.8,1908.5
30620891,1873.0,1907.2,1897.9
30622890,1905.0,1907.4,1900.0
30624892,1904.0,1901.4,1901.2
30626890,1877.0,1892.6,1893.9
30628891,1889.0,1889.6,1892.5
30630890,1897.0,1894.4,1893.8
30632891,1879.0,1889.2,1889.4
30634890,1922.0,1892.8,1899.2
30636891,1899.0,1897.2,1899.1
30638890,1903.0,1900.0,1900.3
30640891,1893.0,1899.2,1898.1
30642890,1906.0,1904.6,1900.5
30644891,1895.0,1899.2,1898.8
30646890,1903.0,1900.0,1900.1
30648891,1883.0,1896.0,1895.0
30650890,1803.0,1878.0,1867.4
30652891,1900.0,1876.8,1877.2
30654890,1897.0,1877.2,1883.1
30656891,1905.0,1877.6,1889.7
30658890,1879.0,1876.8,1886.5
30660891,1907.0,1897.6,1892.6
30662890,1898.0,1897.2,1894.2
30664891,1889.0,1895.6,1892.7
30666890,1935.0,1901.6,1905.4
30668891,1968.0,1919.4,1924.2
30670890,1905.0,1919.0,1918.4
30672891,1902.0,1919.8,1913.5
30674890,1901.0,1922.2,1909.7
30676891,1883.0,1911.8,1901.7
30678890,1897.0,1897.6,1900.3
30680891,1923.0,1901.2,1907.1
30682890,1898.0,1900.4,1904.4
30684891,2037.0,1927.6,1944.2
30686890,1862.0,1923.4,1919.5
30688891,1904.0,1924.8,1914.9
30690890,1921.0,1924.4,1916.7
30692891,1922.0,1929.2,1918.3
30694890,1889.0,1899.6,1909.5
30696891,1919.0,1911.0,1912.4
30698890,1898.0,1909.8,1908.0
30700891,1913.0,1908.2,1909.5
30702890,1861.0,1896.0,1895.0
30704891,1906.0,1899.4,1898.3
30706890,1893.0,1894.2,1896.7
30708891,1935.0,1901.6,1908.2
30710890,1904.0,1899.8,1906.9
30712891,1872.0,1902.0,1896.5
30714890,1905.0,1901.8,1899.0
30716891,1878.0,1898.8,1892.7
30718890,1904.0,1892.6,1896.1
30720891,1935.0,1898.8,1907.8
30722890,1904.0,1905.2,1906.6
30724891,1899.0,1904.0,1904.3
30726890,1882.0,1904.8,1897.6
30728891,1911.0,1906.2,1901.6
30730890,1882.0,1895.6,1895.8
30732891,1887.0,1892.2,1893.1
30734890,1859.0,1884.2,1882.9
30736891,1901.0,1888.0,1888.3
30738890,1922.0,1890.2,1898.4
30740891,1886.0,1891.0,1894.7
30742890,1909.0,1895.4,1899.0
30744891,1902.0,1904.0,1899.9
30746890,1902.0,1904.2,1900.5
30748891,1913.0,1902.4,1904.3
30750890,1899.0,1905.0,1902.7
30752891,1891.0,1901.4,1899.2
30754890,1903.0,1901.6,1900.3
30756891,1891.0,1899.4,1897.5
30758890,1898.0,1896.4,1897.7
30760891,1907.0,1898.0,1900.5
30762890,1938.0,1907.4,1911.7
30764891,1849.0,1896.6,1892.9
30766890,1840.0,1886.4,1877.0
30768891,1863.0,1879.4,1872.8
30770890,1902.0,1878.4,1881.6
30772891,1892.0,1869.2,1884.7
30774890,1907.0,1880.8,1891.4
30776891,1900.0,1892.8,1894.0
30778890,1904.0,1901.0,1897.0
30780891,1902.0,1901.0,1898.5
30782890,1910.0,1904.6,1901.9
30784891,1905.0,1904.2,1902.9
30786890,1902.0,1904.6,1902.6
30788892,1916.0,1907.0,1906.6
30790890,1847.0,1896.0,1888.7
30792891,1917.0,1897.4,1897.2
30794890,1863.0,1889.0,1887.0
30796891,1914.0,1891.4,1895.1
30798890,1901.0,1888.4,1896.8
30800891,1906.0,1900.2,1899.6
30802890,1921.0,1901.0,1906.0
30804891,1906.0,1909.6,1906.0
30806891,1907.0,1908.2,1906.3
30808891,1904.0,1908.8,1905.6
30810890,1918.0,1911.2,1909.3
30812891,1910.0,1909.0,1909.5
30814890,1882.0,1904.2,1901.3
30816891,1895.0,1901.8,1899.4
30818890,1888.0,1898.6,1896.0
30820891,1897.0,1894.4,1896.3
30822891,1904.0,1893.2,1898.6
30824891,1908.0,1898.4,1901.4
30826890,1911.0,1901.6,1904.3
30828891,1898.0,1903.6,1902.4
30830890,1888.0,1901.8,1898.1
30832891,1906.0,1902.2,1900.5
30834890,1905.0,1901.6,1901.8
30836891,1894.0,1898.2,1899.5
30838890,1890.0,1896.6,1896.6
30840891,1899.0,1898.8,1897.3
30842890,1899.0,1897.4,1897.8
30844891,1895.0,1895.4,1897.0
30846891,1897.0,1896.0,1897.0
30848891,1919.0,1901.8,1903.6
30850890,1893.0,1900.6,1900.4
30852891,1899.0,1900.6,1900.0
30854890,1898.0,1901.2,1899.4
30856891,1889.0,1899.6,1896.3
30858890,1904.0,1896.6,1898.6
30860891,1906.0,1899.2,1900.8
30862890,1900.0,1899.4,1900.6
30864891,1897.0,1899.2,1899.5
30866890,1898.0,1901.0,1899.0
30868891,1904.0,1901.0,1900.5
30870890,1899.0,1899.6,1900.1
30872891,1918.0,1903.2,1905.5
30874890,1890.0,1901.8,1900.8
30876891,1899.0,1902.0,1900.3
30878890,1892.0,1899.6,1897.8
30880891,1902.0,1900.2,1899.1
30882890,1904.0,1897.4,1900.5
30884891,1906.0,1900.6,1902.2
30886890,1905.0,1901.8,1903.0
30888892,1904.0,1904.2,1903.3
30890890,1913.0,1906.4,1906.2
30892891,1910.0,1907.6,1907.4
30894890,1911.0,1908.6,1908.4
30896891,1907.0,1909.0,1908.0
30898891,1909.0,1910.0,1908.3
30900891,1913.0,1910.0,1909.7
30902890,1927.0,1913.4,1914.9
30904891,1905.0,1912.2,1911.9
30906890,1909.0,1912.6,1911.1
30908891,1904.0,1911.6,1908.9
30910890,1912.0,1911.4,1909.9
30912891,1910.0,1908.0,1909.9
30914890,1904.0,1907.8,1908.1
30916891,1948.0,1915.6,1920.1
30918890,1909.0,1916.6,1916.8
30920891,1899.0,1914.0,1911.4
30922890,1894.0,1910.8,1906.2
30924891,1904.0,1910.8,1905.5
30926890,1901.0,1901.4,1904.2
30928891,1899.0,1899.4,1902.6
30930890,1889.0,1897.4,1898.5
30932891,1895.0,1897.6,1897.5
30934890,1876.0,1892.0,1891.0
30936892,1901.0,1892.0,1894.0
30938890,1888.0,1889.8,1892.2
30940891,1901.0,1892.2,1894.9
30942890,1901.0,1893.4,1896.7
30944892,1893.0,1896.8,1895.6
30946890,1879.0,1892.4,1890.6
30948891,1910.0,1896.8,1896.4
30950890,1900.0,1896.6,1897.5
30952891,1901.0,1896.6,1898.5
30954890,1899.0,1897.8,1898.7
30956891,1903.0,1902.6,1900.0
30958891,1891.0,1898.8,1897.3
30960891,1891.0,1897.0,1895.4
30962890,1904.0,1897.6,1898.0
30964891,1894.0,1896.6,1896.8
30966890,1901.0,1896.2,1898.1
30968891,1899.0,1897.8,1898.3
30970890,1890.0,1897.6,1895.8
30972891,1910.0,1898.8,1900.1
30974890,1904.0,1900.8,1901.3
30976891,1907.0,1902.0,1903.0
30978890,1905.0,1903.2,1903.6
30980891,1920.0,1909.2,1908.5
30982890,1904.0,1908.0,1907.2
30984891,1904.0,1908.0,1906.2
30986890,1919.0,1910.4,1910.0
30988891,1904.0,1910.2,1908.2
30990890,1921.0,1910.4,1912.1
30992891,1905.0,1910.6,1909.9
30994890,1911.0,1912.0,1910.3
30996891,1907.0,1909.6,1909.3
30998890,1915.0,1911.8,1911.0
31000891,1911.0,1909.8,1911.0
31002890,1911.0,1911.0,1911.0
31004891,1910.0,1910.8,1910.7
31006890,1907.0,1910.8,1909.6
31008891,1918.0,1911.4,1912.1
31010890,1904.0,1910.0,1909.7
31012891,1904.0,1908.6,1908.0
31014890,1904.0,1907.4,1906.8
31016891,1927.0,1911.4,1912.8
31018890,1903.0,1908.4,1909.9
31020891,1910.0,1909.6,1909.9
31022890,1895.0,1907.8,1905.4
31024891,1902.0,1907.4,1904.4
31026891,1902.0,1902.4,1903.7
31028891,1905.0,1902.8,1904.1
31030890,1889.0,1898.6,1899.6
31032891,1902.0,1900.0,1900.3
31034890,1890.0,1897.6,1897.2
31036891,1889.0,1895.0,1894.7
31038890,1902.0,1894.4,1896.9
31040891,1888.0,1894.2,1894.2
31042890,1899.0,1893.6,1895.7
31044891,1904.0,1896.4,1898.2
31046890,1904.0,1899.4,1899.9
31048891,1891.0,1897.2,1897.2
31050890,1909.0,1901.4,1900.8
31052891,1919.0,1905.4,1906.2
31054890,1887.0,1902.0,1900.5
31056891,1890.0,1899.2,1897.3
31058890,1904.0,1901.8,1899.3
31060891,1903.0,1900.6,1900.4
31062890,1900.0,1896.8,1900.3
31064891,1897.0,1898.8,1899.3
31066890,1905.0,1901.8,1901.0
31068891,1895.0,1900.0,1899.2
31070890,1891.0,1897.6,1896.7
31072891,1904.0,1898.4,1898.9
31074890,1911.0,1901.2,1902.5
31076891,1892.0,1898.6,1899.4
31078890,1885.0,1896.6,1895.1
31080891,1904.0,1899.2,1897.7
31082890,1904.0,1899.2,1899.6
31084891,1925.0,1902.0,1907.2
31086890,1895.0,1902.6,1903.6
31088891,1919.0,1909.4,1908.2
31090890,1904.0,1909.4,1906.9
31092892,1922.0,1913.0,1911.5
31094891,1915.0,1911.0,1912.5
31096891,1909.0,1913.8,1911.5
31098890,1906.0,1911.2,1909.8
31100891,1919.0,1914.2,1912.6
31102890,1907.0,1911.2,1910.9
31104891,1905.0,1909.2,1909.1
31106890,1906.0,1908.6,1908.2
31108891,1905.0,1908.4,1907.2
31110890,1910.0,1906.6,1908.1
31112891,1903.0,1905.8,1906.5
31114890,1909.0,1906.6,1907.3
31116891,1894.0,1904.2,1903.3
31118890,1904.0,1904.0,1903.5
31120891,1917.0,1905.4,1907.6
31122890,1904.0,1905.6,1906.5
31124891,1890.0,1901.8,1901.5
31126890,1891.0,1901.2,1898.4
31128891,1899.0,1900.2,1898.6
31130890,1902.0,1897.2,1899.6
31132891,1899.0,1896.2,1899.4
31134890,1908.0,1899.8,1902.0
31136891,1883.0,1898.2,1896.3
31138890,1901.0,1898.6,1897.7
31140891,1903.0,1898.8,1899.3
31142890,1894.0,1897.8,1897.7
31144891,1904.0,1897.0,1899.6
31146890,1893.0,1899.0,1897.6
31148891,1897.0,1898.2,1897.4
31150890,1893.0,1896.2,1896.1
31152891,1904.0,1898.2,1898.5
31154890,1883.0,1894.0,1893.8
31156891,1899.0,1895.2,1895.4
31158890,1893.0,1894.4,1894.7
31160891,1903.0,1896.4,1897.2
31162890,1897.0,1895.0,1897.1
31164891,1899.0,1898.2,1897.7
31166890,1906.0,1899.6,1900.2
31168891,1898.0,1900.6,1899.5
31170890,1902.0,1900.4,1900.3
31172891,1915.0,1904.0,1904.7
31174890,1889.0,1902.0,1900.0
31176891,1897.0,1900.2,1899.1
31178890,1901.0,1900.8,1899.7
31180891,1899.0,1900.2,1899.5
31182890,1901.0,1897.4,1899.9
31184891,1913.0,1902.2,1903.8
31186890,1910.0,1904.8,1905.7
31188891,1902.0,1905.0,1904.6
31190890,1898.0,1904.8,1902.6
31192891,1910.0,1906.6,1904.8
31194890,1913.0,1906.6,1907.3
31196891,1901.0,1904.8,1905.4
31198890,1923.0,1909.0,1910.7
31200891,1915.0,1912.4,1912.0
31202890,1910.0,1912.4,1911.4
31204891,1910.0,1911.8,1911.0
31206890,1905.0,1912.6,1909.2
31208891,1911.0,1910.2,1909.7
31210890,1878.0,1902.8,1900.2
31212892,1894.0,1899.6,1898.3
31214890,1901.0,1897.8,1899.1
31216891,1903.0,1897.4,1900.3
31218890,1902.0,1895.6,1900.8
31220891,1903.0,1900.6,1901.5
31222890,1904.0,1902.6,1902.2
31224891,1936.0,1909.6,1912.4
31226890,1899.0,1908.8,1908.4
31228891,1898.0,1908.0,1905.2
31230890,1895.0,1906.4,1902.2
31232891,1893.0,1904.2,1899.4
31234890,1901.0,1897.2,1899.9
31236891,1899.0,1897.2,1899.6
31238890,1891.0,1895.8,1897.0
31240891,1905.0,1897.8,1899.4
31242890,1894.0,1898.0,1897.8
31244891,1889.0,1895.6,1895.2
31246890,1885.0,1892.8,1892.1
31248891,1899.0,1894.4,1894.2
31250890,1902.0,1893.8,1896.5
31252891,1904.0,1895.8,1898.8
31254890,1904.0,1898.8,1900.3
31256891,1897.0,1901.2,1899.3
31258890,1901.0,1901.6,1899.8
31260891,1899.0,1901.0,1899.6
31262890,1894.0,1899.0,1897.9
31264891,1904.0,1899.0,1899.7
31266890,1904.0,1900.4,1901.0
31268892,1895.0,1899.2,1899.2
31270890,1897.0,1898.8,1898.5
31272891,1904.0,1900.8,1900.2
31274890,1903.0,1900.6,1901.0
31276891,1904.0,1900.6,1901.9
31278890,1904.0,1902.4,1902.5
31280891,1919.0,1906.8,1907.5
31282890,1903.0,1906.6,1906.1
31284891,1903.0,1906.6,1905.2
31286890,1901.0,1906.0,1903.9
31288891,1905.0,1906.2,1904.3
31290890,1911.0,1904.6,1906.3
31292891,1909.0,1905.8,1907.1
31294890,1894.0,1904.0,1903.2
31296891,1907.0,1905.2,1904.3
31298890,1909.0,1906.0,1905.7
31300891,1909.0,1905.6,1906.7
31302890,1920.0,1907.8,1910.7
31304891,1902.0,1909.4,1908.1
31306890,1907.0,1909.4,1907.8
31308891,1914.0,1910.4,1909.6
31310890,1914.0,1911.4,1910.9
31312891,1904.0,1908.2,1908.9
31314890,1909.0,1909.6,1908.9
31316891,1901.0,1908.4,1906.5
31318890,1902.0,1906.0,1905.2
31320891,1904.0,1904.0,1904.8
31322890,1895.0,1902.2,1901.9
31324891,1890.0,1898.4,1898.3
31326890,1894.0,1897.0,1897.0
31328891,1906.0,1897.8,1899.7
31330890,1899.0,1896.8,1899.5
31332891,1903.0,1898.4,1900.5
31334890,1895.0,1899.4,1898.9
31336891,1883.0,1897.2,1894.1
31338890,1894.0,1894.8,1894.1
31340891,1919.0,1898.8,1901.6
31342890,1916.0,1901.4,1905.9
31344891,1851.0,1892.6,1889.4
31346890,1901.0,1896.2,1892.9
31348891,1913.0,1900.0,1898.9
31350890,1873.0,1890.8,1891.1
31352891,1904.0,1888.4,1895.0
31354890,1888.0,1895.8,1892.9
31356891,1883.0,1892.2,1889.9
31358890,1897.0,1889.0,1892.1
31360891,1899.0,1894.2,1894.1
31362890,1935.0,1900.4,1906.4
31364891,1906.0,1904.0,1906.3
31366890,1894.0,1906.2,1902.6
31368891,1872.0,1901.2,1893.4
31370890,1896.0,1900.6,1894.2
31372891,1913.0,1896.2,1899.8
31374890,1899.0,1894.8,1899.6
31376891,1901.0,1896.2,1900.0
31378890,1915.0,1904.8,1904.5
31380891,1895.0,1904.6,1901.7
31382890,1903.0,1902.6,1902.1
31384891,1914.0,1905.6,1905.6
31386890,1924.0,1910.2,1911.1
31388891,1904.0,1908.0,1909.0
31390890,1904.0,1909.8,1907.5
31392891,1887.0,1906.6,1901.4
31394890,1946.0,1913.0,1914.7
31396891,1906.0,1909.4,1912.1
31398890,1917.0,1912.0,1913.6
31400891,1919.0,1915.0,1915.2
31402890,1904.0,1918.4,1911.8
31404891,1872.0,1903.6,1899.9
31406890,1894.0,1901.2,1898.1
31408891,1907.0,1899.2,1900.8
31410890,1905.0,1896.4,1902.1
31412891,1905.0,1896.6,1902.9
31414890,1919.0,1906.0,1907.8
31416891,1899.0,1907.0,1905.1
31418890,1901.0,1905.8,1903.9
31420891,1862.0,1897.2,1891.3
31422891,1902.0,1896.6,1894.5
31424891,1891.0,1891.0,1893.5
31426891,1893.0,1889.8,1893.3
31428891,1831.0,1875.8,1874.6
31430890,1955.0,1894.4,1898.7
31432891,1900.0,1894.0,1899.1
31434890,1900.0,1895.8,1899.4
31436891,1938.0,1904.8,1911.0
31438890,1898.0,1918.2,1907.1
31440891,1884.0,1904.0,1900.2
31442890,1893.0,1902.6,1898.0
31444891,1900.0,1902.6,1898.6
31446890,1888.0,1892.6,1895.4
31448891,1918.0,1896.6,1902.2
31450890,1895.0,1898.8,1900.0
31452891,1891.0,1898.4,1897.3
31454890,1907.0,1899.8,1900.2
31456891,1907.0,1903.6,1902.3
31458890,1895.0,1899.0,1900.1
31460891,1957.0,1911.4,1917.2
31462890,1898.0,1912.8,1911.4
31464891,1935.0,1918.4,1918.5
31466890,1900.0,1917.0,1912.9
31468891,1855.0,1909.0,1895.6
31470890,1897.0,1897.0,1896.0
31472891,1899.0,1897.2,1896.9
31474890,1895.0,1889.2,1896.3
31476891,1865.0,1882.2,1886.9
31478890,1854.0,1882.0,1877.0
31480891,1931.0,1888.8,1893.2
31482890,1897.0,1888.4,1894.4
31484891,1887.0,1886.8,1892.2
31486890,1911.0,1896.0,1897.8
31488891,1906.0,1906.4,1900.3
31490890,1874.0,1895.0,1892.4
31492891,1885.0,1892.6,1890.2
31494890,1887.0,1892.6,1889.2
31496891,1952.0,1900.8,1908.1
31498890,1908.0,1901.2,1908.0
31500891,1911.0,1908.6,1908.9
31502890,1907.0,1913.0,1908.3
31504891,1913.0,1918.2,1909.7
31506890,1907.0,1909.2,1908.9
31508891,1882.0,1904.0,1900.8
31510890,1938.0,1909.4,1912.0
31512892,1904.0,1908.8,1909.6
31514890,1872.0,1900.6,1898.3
31516891,1907.0,1900.6,1900.9
31518890,1885.0,1901.2,1896.1
31520892,1853.0,1884.2,1883.2
31522890,1904.0,1884.2,1889.4
31524891,1898.0,1889.4,1892.0
31526890,1898.0,1887.6,1893.8
31528891,1898.0,1890.2,1895.1
31530890,1894.0,1898.4,1894.7
31532891,1889.0,1895.4,1893.0
31534891,1954.0,1906.6,1911.3
31536891,1906.0,1908.2,1909.7
31538890,1894.0,1907.4,1905.0
31540892,1927.0,1914.0,1911.6
31542890,1899.0,1916.0,1907.8
31544891,1863.0,1897.8,1894.4
31546890,1872.0,1891.0,1887.7
31548891,1926.0,1897.4,1899.2
31550890,1904.0,1892.8,1900.6
31552891,1910.0,1895.0,1903.4
31554890,1840.0,1890.4,1884.4
31556891,1908.0,1897.6,1891.5
31558890,1875.0,1887.4,1886.5
31560891,1899.0,1886.4,1890.3
31562890,1904.0,1885.2,1894.4
31564891,1905.0,1898.2,1897.6
31566890,1865.0,1889.6,1887.8
31568891,1929.0,1900.4,1900.2
31570890,1907.0,1902.0,1902.2
31572891,1894.0,1900.0,1899.7
31574890,1898.0,1898.6,1899.2
31576891,1905.0,1906.6,1901.0
31578890,1881.0,1897.0,1895.0
31580891,1899.0,1895.4,1896.2
31582890,1990.0,1914.6,1924.3
31584891,1879.0,1910.8,1910.7
31586890,1936.0,1917.0,1918.3
31588891,1904.0,1921.6,1914.0
31590890,1938.0,1929.4,1921.2
31592891,1922.0,1915.8,1921.4
31594890,1904.0,1920.8,1916.2
31596891,1892.0,1912.0,1908.9
31598890,1910.0,1913.2,1909.3
31600891,1859.0,1897.4,1894.2
31602890,1914.0,1895.8,1900.1
31604891,1898.0,1894.6,1899.5
31606890,1907.0,1897.6,1901.7
31608891,1904.0,1896.4,1902.4
31610890,1941.0,1912.8,1914.0
31612891,1899.0,1909.8,1909.5
31614890,1938.0,1917.8,1918.0
31616891,1891.0,1914.6,1909.9
31618890,1889.0,1911.6,1903.7
31620891,1934.0,1910.2,1912.8
31622890,1887.0,1907.8,1905.0
31624891,1897.0,1899.6,1902.6
31626890,1902.0,1901.8,1902.4
31628891,1922.0,1908.4,1908.3
31630890,1904.0,1902.4,1907.0
31632891,1917.0,1908.4,1910.0
31634890,1897.0,1908.4,1906.1
31636891,1883.0,1904.6,1899.2
31638890,1904.0,1901.0,1900.6
31640891,1901.0,1900.4,1900.7
31642890,1903.0,1897.6,1901.4
31644891,1895.0,1897.2,1899.5
31646890,1895.0,1899.6,1898.1
31648891,1903.0,1899.4,1899.6
31650890,1895.0,1898.2,1898.2
31652891,1885.0,1894.6,1894.3
31654890,1902.0,1896.0,1896.6
31656891,1904.0,1897.8,1898.8
31658890,1853.0,1887.8,1885.1
31660891,1890.0,1886.8,1886.5
31662890,1899.0,1889.6,1890.3
31664891,1892.0,1887.6,1890.8
31666890,1907.0,1888.2,1895.7
31668891,1879.0,1893.4,1890.7
31670890,1904.0,1896.2,1894.7
31672891,1904.0,1897.2,1897.5
31674890,1898.0,1898.4,1897.6
31676891,1904.0,1897.8,1899.5
31678890,1899.0,1901.8,1899.4
31680891,1902.0,1901.4,1900.2
31682890,1935.0,1907.6,1910.6
31684891,1905.0,1909.0,1908.9
31686890,1917.0,1911.6,1911.4
31688891,1906.0,1913.0,1909.7
31690890,1924.0,1917.4,1914.0
31692891,1901.0,1910.6,1910.1
31694890,1891.0,1907.8,1904.4
31696891,1914.0,1907.2,1907.3
31698890,1911.0,1908.2,1908.4
31700891,1914.0,1906.2,1910.1
31702890,1915.0,1909.0,1911.5
31704891,1919.0,1914.6,1913.8
31706890,1941.0,1920.0,1921.9
31708891,1872.0,1912.2,1907.0
31710891,1898.0,1909.0,1904.3
31712891,1913.0,1908.6,1906.9
31714890,1898.0,1904.4,1904.2
31716891,1903.0,1896.8,1903.9
31718890,1883.0,1899.0,1897.6
31720891,1883.0,1896.0,1893.2
31722890,1907.0,1894.8,1897.4
31724891,1909.0,1897.0,1900.8
31726890,1904.0,1897.2,1901.8
31728891,1898.0,1900.2,1900.7
31730891,1892.0,1902.0,1898.1
31732891,1889.0,1898.4,1895.3
31734890,1899.0,1896.4,1896.4
31736891,1901.0,1895.8,1897.8
31738890,1894.0,1895.0,1896.7
31740891,1898.0,1896.2,1897.1
31742890,1891.0,1896.6,1895.2
31744891,1893.0,1895.4,1894.6
31746890,1893.0,1893.8,1894.1
31748891,1904.0,1895.8,1897.1
31750890,1891.0,1894.4,1895.2
31752891,1891.0,1894.4,1894.0
31754890,1902.0,1896.2,1896.4
31756891,1891.0,1895.8,1894.8
31758890,1899.0,1894.8,1896.0
31760891,1904.0,1897.4,1898.4
31762890,1903.0,1899.8,1899.8
31764891,1891.0,1897.6,1897.2
31766890,1893.0,1898.0,1895.9
31768891,1905.0,1899.2,1898.6
31770890,1894.0,1897.2,1897.2
31772891,1885.0,1893.6,1893.6
31774891,1909.0,1897.2,1898.2
31776891,1905.0,1899.6,1900.2
31778890,1919.0,1902.4,1905.9
31780891,1904.0,1904.4,1905.3
31782890,1904.0,1908.2,1904.9
31784891,1902.0,1906.8,1904.0
31786891,1908.0,1907.4,1905.2
31788891,1914.0,1906.4,1907.9
31790890,1903.0,1906.2,1906.4
31792891,1905.0,1906.4,1906.0
31794890,1905.0,1907.0,1905.7
31796891,1905.0,1906.4,1905.5
31798890,1901.0,1903.8,1904.1
31800891,1911.0,1905.4,1906.2
31802890,1925.0,1909.4,1911.8
31804891,1910.0,1910.4,1911.3
31806890,1899.0,1909.2,1907.6
31808891,1906.0,1910.2,1907.1
31810890,1904.0,1908.8,1906.2
31812891,1905.0,1904.8,1905.8
31814890,1909.0,1904.6,1906.8
31816891,1904.0,1905.6,1905.9
31818890,1899.0,1904.2,1903.9
31820891,1904.0,1904.2,1903.9
31822890,1904.0,1904.0,1903.9
31824891,1897.0,1901.6,1901.9
31826890,1894.0,1899.6,1899.5
31828891,1892.0,1898.2,1897.2
31830890,1894.0,1896.2,1896.3
31832891,1897.0,1894.8,1896.5
31834890,1899.0,1895.2,1897.2
31836891,1899.0,1896.2,1897.8
31838890,1895.0,1896.8,1896.9
31840891,1889.0,1895.8,1894.6
31842890,1891.0,1894.6,1893.5
31844891,1903.0,1895.4,1896.3
31846890,1901.0,1895.8,1897.7
31848891,1902.0,1897.2,1899.0
31850890,1903.0,1900.0,1900.2
31852891,1898.0,1901.4,1899.5
31854890,1904.0,1901.6,1900.9
31856891,1904.0,1902.2,1901.8
31858890,1900.0,1901.8,1901.3
31860891,1903.0,1901.8,1901.8
31862890,1891.0,1900.4,1898.6
31864891,1892.0,1898.0,1896.6
31866890,1900.0,1897.2,1897.6
31868891,1943.0,1905.8,1911.2
31870890,1911.0,1907.4,1911.2
31872891,1902.0,1909.6,1908.4
31874890,1891.0,1909.4,1903.2
31876892,1900.0,1909.4,1902.2
31878890,1906.0,1902.0,1903.4
31880891,1892.0,1898.2,1900.0
31882891,1907.0,1899.2,1902.1
31884891,1907.0,1902.4,1903.5
31886890,1911.0,1904.6,1905.8
31888891,1914.0,1906.2,1908.2
31890890,1902.0,1908.2,1906.4
31892891,1917.0,1910.2,1909.6
31894890,1908.0,1910.4,1909.1
31896891,1907.0,1909.6,1908.5
31898890,1920.0,1910.8,1911.9
31900891,1907.0,1911.8,1910.4
31902890,1904.0,1909.2,1908.5
31904891,1903.0,1908.2,1906.9
31906890,1907.0,1908.2,1906.9
31908891,1913.0,1906.8,1908.7
31910890,1896.0,1904.6,1904.9
31912891,1905.0,1904.8,1904.9
31914890,1904.0,1905.0,1904.7
31916891,1893.0,1902.2,1901.2
31918890,1901.0,1899.8,1901.1
31920892,1904.0,1901.4,1902.0
31922890,1896.0,1899.6,1900.2
31924891,1899.0,1898.6,1899.8
31926890,1899.0,1899.8,1899.6
31928891,1926.0,1904.8,1907.5
31930890,1885.0,1901.0,1900.8
31932891,1904.0,1902.6,1901.7
31934890,1897.0,1902.2,1900.3
31936891,1903.0,1903.0,1901.1
31938890,1884.0,1894.6,1896.0
31940891,1879.0,1893.4,1890.9
31942890,1900.0,1892.6,1893.6
31944891,1892.0,1891.6,1893.1
31946890,1875.0,1886.0,1887.7
31948891,1887.0,1886.6,1887.5
31950890,1893.0,1889.4,1889.1
31952892,1897.0,1888.8,1891.5
31954890,1888.0,1888.0,1890.4
31956891,1891.0,1891.2,1890.6
31958890,1901.0,1894.0,1893.7
31960891,1901.0,1895.6,1895.9
31962890,1904.0,1897.0,1898.3
31964891,1903.0,1900.0,1899.7
31966890,1895.0,1900.8,1898.3
31968891,1872.0,1895.0,1890.4
31970890,1903.0,1895.4,1894.2
31972891,1894.0,1893.4,1894.1
31974890,1886.0,1890.0,1891.7
31976891,1903.0,1891.6,1895.1
31978890,1899.0,1897.0,1896.3
31980892,1904.0,1897.2,1898.6
31982890,1905.0,1899.4,1900.5
31984891,1904.0,1903.0,1901.6
31986890,1904.0,1903.2,1902.3
31988891,1909.0,1905.2,1904.3
31990890,1904.0,1905.2,1904.2
31992891,1897.0,1903.6,1902.0
31994890,1919.0,1906.6,1907.1
31996891,1904.0,1906.6,1906.2
31998890,1919.0,1908.6,1910.0
32000891,1919.0,1911.6,1912.7
32002890,1902.0,1912.6,1909.5
32004891,1905.0,1909.8,1908.2
32006890,1908.0,1910.6,1908.1
32008891,1927.0,1912.2,1913.8
32010890,1904.0,1909.2,1910.8
32012891,1905.0,1909.8,1909.1
32014890,1902.0,1909.2,1907.0
32016891,1904.0,1908.4,1906.1
32018890,1907.0,1904.4,1906.4
32020891,1900.0,1903.6,1904.4
32022890,1907.0,1904.0,1905.2
32024891,1905.0,1904.6,1905.1
32026890,1897.0,1903.2,1902.7
32028891,1902.0,1902.2,1902.5
32030890,1919.0,1906.0,1907.4
32032891,1903.0,1905.2,1906.1
32034890,1899.0,1904.0,1904.0
32036892,1901.0,1904.8,1903.1
32038890,1893.0,1903.0,1900.1
32040891,1897.0,1898.6,1899.1
32042890,1895.0,1897.0,1897.9
32044891,1903.0,1897.8,1899.4
32046890,1901.0,1897.8,1899.9
32048891,1890.0,1897.2,1896.9
32050890,1889.0,1895.6,1894.6
32052891,1903.0,1897.2,1897.1
32054890,1905.0,1897.6,1899.5
32056892,1894.0,1896.2,1897.8
32058890,1892.0,1896.6,1896.1
32060891,1885.0,1895.8,1892.8
32062890,1901.0,1895.4,1895.2
32064891,1861.0,1886.6,1885.0
32066890,1904.0,1888.6,1890.7
32068891,1901.0,1890.4,1893.8
32070890,1895.0,1892.4,1894.1
32072891,1908.0,1893.8,1898.3
32074890,1900.0,1901.6,1898.8
32076891,1899.0,1900.6,1898.9
32078890,1887.0,1897.8,1895.3
32080891,1866.0,1892.0,1886.5
32082890,1904.0,1891.2,1891.8
32084891,1904.0,1892.0,1895.4
32086890,1908.0,1893.8,1899.2
32088891,1907.0,1897.8,1901.5
32090890,1913.0,1907.2,1905.0
32092892,1907.0,1907.8,1905.6
32094890,1911.0,1909.2,1907.2
32096891,1915.0,1910.6,1909.5
32098890,1915.0,1912.2,1911.2
32100891,1905.0,1910.6,1909.3
32102890,1907.0,1910.6,1908.6
32104891,1851.0,1898.6,1891.3
32106890,1905.0,1896.6,1895.4
32108891,1905.0,1894.6,1898.3
32110890,1904.0,1894.4,1900.0
32112891,1898.0,1892.6,1899.4
32114890,1905.0,1903.4,1901.1
32116891,1907.0,1903.8,1902.9
32118890,1901.0,1903.0,1902.3
32120891,1904.0,1903.0,1902.8
32122890,1895.0,1902.4,1900.5
32124891,1890.0,1899.4,1897.3
32126890,1893.0,1896.6,1896.0
32128891,1895.0,1895.4,1895.7
32130890,1940.0,1902.6,1909.0
32132891,1904.0,1904.4,1907.5
32134891,1904.0,1907.2,1906.5
32136891,1904.0,1909.4,1905.7
32138891,1900.0,1910.4,1904.0
32140891,1843.0,1891.0,1885.7
32142890,1875.0,1885.2,1882.5
32144891,1888.0,1882.0,1884.1
32146890,1899.0,1881.0,1888.6
32148891,1911.0,1883.2,1895.3
32150890,1897.0,1894.0,1895.8
32152891,1995.0,1918.0,1925.6
32154890,1904.0,1921.2,1919.1
32156891,1890.0,1919.4,1910.4
32158890,1901.0,1917.4,1907.6
32160891,1892.0,1916.4,1902.9
32162890,1916.0,1900.6,1906.8
32164891,1904.0,1900.6,1906.0
32166890,1889.0,1900.4,1900.9
32168891,1989.0,1918.0,1927.3
32170890,1910.0,1921.6,1922.1
32172891,1891.0,1916.6,1912.8
32174890,1909.0,1917.6,1911.7
32176891,1904.0,1920.6,1909.4
32178890,1900.0,1902.8,1906.5
32180891,1901.0,1901.0,1904.9
32182890,1910.0,1904.8,1906.4
32184891,1899.0,1902.8,1904.2
32186890,1904.0,1902.8,1904.1
32188892,1914.0,1905.6,1907.1
32190890,1917.0,1908.8,1910.1
32192891,1912.0,1909.2,1910.6
32194890,1913.0,1912.0,1911.4
32196891,1910.0,1913.2,1910.9
32198890,1912.0,1912.8,1911.3
32200891,1910.0,1911.4,1910.9
32202890,1905.0,1910.0,1909.1
32204891,1905.0,1908.4,1907.9
32206890,1887.0,1903.8,1901.6
32208891,1899.0,1901.2,1900.8
32210890,1904.0,1900.0,1901.8
32212891,1919.0,1902.8,1906.9
32214890,1895.0,1900.8,1903.4
32216891,1905.0,1904.4,1903.9
32218890,1892.0,1903.0,1900.3
32220891,1907.0,1903.6,1902.3
32222890,1894.0,1898.6,1899.8
32224891,1899.0,1899.4,1899.6
32226890,1904.0,1899.2,1900.9
32228891,1889.0,1898.6,1897.3
32230890,1920.0,1901.2,1904.1
32232891,1878.0,1898.0,1896.3
32234890,1902.0,1898.6,1898.0
32236891,1899.0,1897.6,1898.3
32238890,1899.0,1899.6,1898.5
32240891,1835.0,1882.6,1879.5
32242890,1893.0,1885.6,1883.5
32244892,1871.0,1879.4,1879.8
32246890,1910.0,1881.6,1888.8
32248891,1921.0,1886.0,1898.5
32250890,1901.0,1899.2,1899.2
32252892,1872.0,1895.0,1891.1
32254890,1904.0,1901.6,1894.9
32256891,1895.0,1898.6,1895.0
32258891,1889.0,1892.2,1893.2
32260891,1898.0,1891.6,1894.6
32262890,1895.0,1896.2,1894.7
32264891,1901.0,1895.6,1896.6
32266890,1886.0,1893.8,1893.4
32268891,1906.0,1897.2,1897.2
32270890,1837.0,1885.0,1879.1
32272891,1906.0,1887.2,1887.2
32274890,1902.0,1887.4,1891.6
32276891,1927.0,1895.6,1902.2
32278890,1898.0,1894.0,1901.0
32280891,1876.0,1901.8,1893.5
32282890,1904.0,1901.4,1896.6
32284891,1896.0,1900.2,1896.4
32286890,1940.0,1902.8,1909.5
32288891,1917.0,1906.6,1911.8
32290890,1917.0,1914.8,1913.3
32292891,1913.0,1916.6,1913.2
32294890,1867.0,1910.8,1899.4
32296891,1885.0,1899.8,1895.1
32298890,1904.0,1897.2,1897.7
32300891,1913.0,1896.4,1902.3
32302890,1900.0,1893.8,1901.6
32304891,1917.0,1903.8,1906.2
32306890,1895.0,1905.8,1902.9
32308891,1909.0,1906.8,1904.7
32310890,1908.0,1905.8,1905.7
32312891,1965.0,1918.8,1923.5
32314890,1904.0,1916.2,1917.6
32316891,1903.0,1917.8,1913.2
32318890,1886.0,1913.2,1905.1
32320891,1902.0,1912.0,1904.2
32322890,1957.0,1910.4,1920.0
32324891,1968.0,1923.2,1934.4
32326890,1909.0,1924.4,1926.8
32328891,1930.0,1933.2,1927.7
32330891,1903.0,1933.4,1920.3
32332891,1885.0,1919.0,1909.7
32334890,1867.0,1898.8,1896.9
32336891,1867.0,1890.4,1887.9
32338890,1871.0,1878.6,1882.9
32340891,1904.0,1878.8,1889.2
32342890,1882.0,1878.2,1887.0
32344892,1908.0,1886.4,1893.3
32346890,1906.0,1894.2,1897.1
32348891,1886.0,1897.2,1893.8
32350890,1889.0,1894.2,1892.4
32352891,1897.0,1897.2,1893.7
32354890,1877.0,1891.0,1888.7
32356891,1879.0,1885.6,1885.8
32358890,1885.0,1885.4,1885.6
32360891,1902.0,1888.0,1890.5
32362890,1899.0,1888.4,1893.0
32364891,1883.0,1889.6,1890.0
32366890,1875.0,1888.8,1885.5
32368891,1899.0,1891.6,1889.6
32370890,1891.0,1889.4,1890.0
32372891,1913.0,1892.2,1896.9
32374890,1889.0,1893.4,1894.5
32376891,1902.0,1898.8,1896.8
32378891,1919.0,1902.8,1903.4
32380891,1899.0,1904.4,1902.1
32382890,1919.0,1905.6,1907.2
32384891,1926.0,1913.0,1912.8
32386890,1904.0,1913.4,1910.2
32388891,1899.0,1909.4,1906.8
32390890,1911.0,1911.8,1908.1
32392891,1909.0,1909.8,1908.4
32394890,1884.0,1901.4,1901.0
32396891,1906.0,1901.8,1902.5
32398890,1906.0,1903.2,1903.6
32400891,1935.0,1908.0,1913.0
32402891,1949.0,1916.0,1923.8
32404891,1908.0,1920.8,1919.1
32406890,1897.0,1919.0,1912.4
32408891,1913.0,1920.4,1912.6
32410890,1914.0,1916.2,1913.0
32412891,1906.0,1907.6,1910.9
32414890,1931.0,1912.2,1916.9
32416891,1904.0,1913.6,1913.1
32418890,1873.0,1905.6,1901.0
32420891,1904.0,1903.6,1901.9
32422890,1865.0,1895.4,1890.9
32424891,1914.0,1892.0,1897.8
32426890,1933.0,1897.8,1908.4
32428891,1904.0,1904.0,1907.0
32430890,1898.0,1902.8,1904.3
32432891,1897.0,1909.2,1902.1
32434890,1896.0,1905.6,1900.3
32436891,1917.0,1902.4,1905.3
32438890,1902.0,1902.0,1904.3
32440891,1905.0,1903.4,1904.5
32442890,1875.0,1899.0,1895.7
32444891,1897.0,1899.2,1896.1
32446890,1875.0,1890.8,1889.7
32448891,1903.0,1891.0,1893.7
32450890,1894.0,1888.8,1893.8
32452891,1895.0,1892.8,1894.2
32454890,1897.0,1892.8,1895.0
32456891,1899.0,1897.6,1896.2
32458890,1898.0,1896.6,1896.7
32460891,1885.0,1894.8,1893.2
32462890,1904.0,1896.6,1896.5
32464891,1892.0,1895.6,1895.1
32466890,1935.0,1902.8,1907.1
32468891,1887.0,1900.6,1901.1
32470890,1901.0,1903.8,1901.0
32472891,1920.0,1907.0,1906.7
32474890,1904.0,1909.4,1905.9
32476891,1904.0,1903.2,1905.3
32478890,1881.0,1902.0,1898.0
32480891,1904.0,1902.6,1899.8
32482890,1911.0,1900.8,1903.2
32484891,1901.0,1900.2,1902.5
32486890,1908.0,1901.0,1904.2
32488891,1913.0,1907.4,1906.8
32490890,1906.0,1907.8,1906.6
32492891,1918.0,1909.2,1910.0
32494890,1911.0,1911.2,1910.3
32496891,1923.0,1914.2,1914.1
32498890,1915.0,1914.6,1914.4
32500891,1925.0,1918.4,1917.6
32502890,1920.0,1918.8,1918.3
32504891,1919.0,1920.4,1918.5
32506890,1921.0,1920.0,1919.3
32508891,1888.0,1914.6,1909.9
32510890,1901.0,1909.8,1907.2
32512891,1902.0,1906.2,1905.7
32514890,1905.0,1903.4,1905.5
32516891,1893.0,1897.8,1901.7
32518890,1903.0,1900.8,1902.1
32520891,1897.0,1900.0,1900.6
32522890,1904.0,1900.4,1901.6
32524892,1904.0,1900.2,1902.3
32526890,1886.0,1898.8,1897.4
32528891,1895.0,1897.2,1896.7
32530890,1904.0,1898.6,1898.9
32532891,1897.0,1897.2,1898.3
32534890,1911.0,1898.6,1902.1
32536891,1898.0,1901.0,1900.9
32538890,1903.0,1902.6,1901.5
32540891,1905.0,1902.8,1902.6
32542890,1902.0,1903.8,1902.4
32544891,1895.0,1900.6,1900.2
32546890,1911.0,1903.2,1903.4
32548891,1903.0,1903.2,1903.3
32550890,1901.0,1902.4,1902.6
32552891,1891.0,1900.2,1899.1
32554890,1881.0,1897.4,1893.7
32556891,1891.0,1893.4,1892.9
32558890,1889.0,1890.6,1891.7
32560891,1901.0,1890.6,1894.5
32562890,1887.0,1889.8,1892.3
32564891,1893.0,1892.2,1892.5
32566890,1892.0,1892.4,1892.3
32568891,1893.0,1893.2,1892.5
32570890,1901.0,1893.2,1895.1
32572891,1891.0,1894.0,1893.9
32574890,1902.0,1895.8,1896.3
32576891,1895.0,1896.4,1895.9
32578890,1911.0,1900.0,1900.4
32580891,1903.0,1900.4,1901.2
32582891,1919.0,1906.0,1906.5
32584891,1903.0,1906.2,1905.5
32586890,1920.0,1911.2,1909.8
32588891,1924.0,1913.8,1914.1
32590890,1902.0,1913.6,1910.5
32592891,1914.0,1912.6,1911.5
32594890,1905.0,1913.0,1909.6
32596891,1909.0,1910.8,1909.4
32598890,1908.0,1907.6,1909.0
32600891,1904.0,1908.0,1907.5
32602890,1904.0,1906.0,1906.4
32604891,1911.0,1907.2,1907.8
32606890,1904.0,1906.2,1906.7
32608891,1919.0,1908.4,1910.4
32610890,1910.0,1909.6,1910.3
32612891,1913.0,1911.4,1911.1
32614890,1902.0,1909.6,1908.4
32616891,1908.0,1910.4,1908.2
32618890,1889.0,1904.4,1902.5
32620891,1904.0,1903.2,1902.9
32622890,1902.0,1901.0,1902.7
32624891,1887.0,1898.0,1898.0
32626891,1910.0,1898.4,1901.6
32628891,1895.0,1899.6,1899.6
32630890,1883.0,1895.4,1894.6
32632891,1889.0,1892.8,1892.9
32634890,1893.0,1894.0,1893.0
32636891,1897.0,1891.4,1894.2
32638891,1895.0,1891.4,1894.4
32640891,1889.0,1892.6,1892.8
32642890,1897.0,1894.2,1894.1
32644891,1904.0,1896.4,1897.0
32646890,1895.0,1896.0,1896.4
32648891,1902.0,1897.4,1898.1
32650890,1898.0,1899.2,1898.1
32652891,1903.0,1900.4,1899.5
32654890,1914.0,1902.4,1903.9
32656891,1904.0,1904.2,1903.9
32658890,1919.0,1907.6,1908.4
32660891,1893.0,1906.6,1903.8
32662890,1903.0,1906.6,1903.6
32664891,1893.0,1902.4,1900.4
32666890,1895.0,1900.6,1898.8
32668891,1896.0,1896.0,1897.9
32670890,1903.0,1898.0,1899.5
32672891,1898.0,1897.0,1899.0
32674890,1904.0,1899.2,1900.5
32676891,1906.0,1901.4,1902.2
32678890,1899.0,1902.0,1901.2
32680891,1901.0,1901.6,1901.1
32682890,1894.0,1900.8,1899.0
32684891,1905.0,1901.0,1900.8
32686890,1904.0,1900.6,1901.8
32688891,1916.0,1904.0,1906.0
32690890,1911.0,1906.0,1907.5
32692891,1906.0,1908.4,1907.1
32694890,1905.0,1908.4,1906.4
32696891,1922.0,1912.0,1911.1
32698890,1905.0,1909.8,1909.3
32700891,1920.0,1911.6,1912.5
32702890,1910.0,1912.4,1911.7
32704891,1930.0,1917.4,1917.2
32706890,1902.0,1913.4,1912.7
32708891,1902.0,1912.8,1909.5
32710890,1904.0,1909.6,1907.8
32712891,1904.0,1908.4,1906.7
32714890,1904.0,1903.2,1905.9
32716891,1911.0,1905.0,1907.4
32718890,1902.0,1905.0,1905.8
32720891,1904.0,1905.0,1905.3
32722890,1897.0,1903.6,1902.8
32724891,1903.0,1903.4,1902.8
32726890,1904.0,1902.0,1903.2
32728891,1905.0,1902.6,1903.7
32730890,1890.0,1899.8,1899.6
32732891,1896.0,1899.6,1898.5
32734890,1904.0,1899.8,1900.2
32736891,1904.0,1899.8,1901.3
32738890,1903.0,1899.4,1901.8
32740891,1890.0,1899.4,1898.3
32742890,1890.0,1898.2,1895.8
32744891,1913.0,1900.0,1901.0
32746891,1900.0,1899.2,1900.7
32748891,1902.0,1899.0,1901.1
32750891,1901.0,1901.2,1901.0
32752891,1899.0,1903.0,1900.4
32754890,1895.0,1899.4,1898.8
32756891,1900.0,1899.4,1899.2
32758890,1901.0,1899.2,1899.7
32760891,1898.0,1898.6,1899.2
32762890,1893.0,1897.4,1897.3
32764891,1904.0,1899.2,1899.3
32766890,1886.0,1896.4,1895.3
32768891,1887.0,1893.6,1892.8
32770890,1903.0,1894.6,1895.9
32772891,1909.0,1897.8,1899.8
32774890,1892.0,1895.4,1897.5
32776891,1898.0,1897.8,1897.6
32778890,1901.0,1900.6,1898.6
32780891,1891.0,1898.2,1896.3
32782890,1890.0,1894.4,1894.4
32784891,1898.0,1895.6,1895.5
32786890,1907.0,1897.4,1899.0
32788891,1907.0,1898.6,1901.4
32790890,1911.0,1902.6,1904.3
32792891,1913.0,1907.2,1906.9
32794890,1902.0,1908.0,1905.4
32796891,1909.0,1908.4,1906.5
32798890,1906.0,1908.2,1906.3
32800891,1911.0,1908.2,1907.7
32802890,1908.0,1907.2,1907.8
32804891,1907.0,1908.2,1907.6
32806890,1902.0,1906.8,1905.9
32808891,1920.0,1909.6,1910.1
32810890,1905.0,1908.4,1908.6
32812891,1903.0,1907.4,1906.9
32814890,1903.0,1906.6,1905.7
32816892,1897.0,1905.6,1903.1
32818890,1898.0,1901.2,1901.6
32820891,1901.0,1900.4,1901.4
32822890,1904.0,1900.6,1902.2
32824891,1899.0,1899.8,1901.2
32826890,1895.0,1899.4,1899.4
32828891,1901.0,1900.0,1899.9
32830890,1899.0,1899.6,1899.6
32832892,1904.0,1899.6,1900.9
32834890,1909.0,1901.6,1903.3
32836891,1898.0,1902.2,1901.7
32838890,1904.0,1902.8,1902.4
32840891,1904.0,1903.8,1902.9
32842890,1901.0,1903.2,1902.3
32844891,1898.0,1901.0,1901.0
32846890,1899.0,1901.2,1900.4
32848891,1899.0,1900.2,1900.0
32850890,1907.0,1900.8,1902.1
32852891,1890.0,1898.6,1898.5
32854890,1898.0,1898.6,1898.3
32856891,1890.0,1896.8,1895.8
32858890,1904.0,1897.8,1898.3
32860891,1901.0,1896.6,1899.1
32862890,1897.0,1898.0,1898.5
32864891,1896.0,1897.6,1897.7
32866890,1895.0,1898.6,1896.9
32868891,1898.0,1897.4,1897.2
32870890,1894.0,1896.0,1896.3
32872891,1902.0,1897.0,1898.0
32874890,1895.0,1896.8,1897.1
32876891,1894.0,1896.6,1896.2
32878890,1904.0,1897.8,1898.5
32880891,1902.0,1899.4,1899.6
32882890,1902.0,1899.4,1900.3
32884891,1904.0,1901.2,1901.4
32886890,1906.0,1903.6,1902.8
32888891,1914.0,1905.6,1906.1
32890890,1909.0,1907.0,1907.0
32892891,1905.0,1907.6,1906.4
32894890,1915.0,1909.8,1909.0
32896891,1906.0,1909.8,1908.1
32898890,1911.0,1909.2,1909.0
32900891,1907.0,1908.8,1908.4
32902890,1914.0,1910.6,1910.1
32904891,1907.0,1909.0,1909.1
32906890,1906.0,1909.0,1908.2
32908891,1904.0,1907.6,1906.9
32910890,1905.0,1907.2,1906.4
32912891,1906.0,1905.6,1906.3
32914890,1903.0,1904.8,1905.3
32916891,1895.0,1902.6,1902.2
32918890,1906.0,1903.0,1903.3
32920891,1889.0,1899.8,1899.0
32922890,1895.0,1897.6,1897.8
32924891,1913.0,1899.6,1902.4
32926890,1894.0,1899.4,1899.9
32928891,1900.0,1898.2,1899.9
32930890,1899.0,1900.2,1899.6
32932891,1887.0,1898.6,1895.8
32934890,1902.0,1896.4,1897.7
32936891,1917.0,1901.0,1903.5
32938890,1852.0,1891.4,1888.0
32940891,1891.0,1889.8,1888.9
32942890,1901.0,1892.6,1892.5
32944891,1905.0,1893.2,1896.3
32946890,1904.0,1890.6,1898.6
32948891,1892.0,1898.6,1896.6
32950890,1897.0,1899.8,1896.7
32952891,1893.0,1898.2,1895.6
32954890,1903.0,1897.8,1897.8
32956891,1850.0,1887.0,1883.5
32958890,1902.0,1889.0,1889.0
32960891,1904.0,1890.4,1893.5
32962890,1879.0,1887.6,1889.2
32964891,1898.0,1886.6,1891.8
32966890,1898.0,1896.2,1893.7
32968891,1898.0,1895.4,1895.0
32970890,1898.0,1894.2,1895.9
32972891,1939.0,1906.2,1908.8
32974890,1897.0,1906.0,1905.3
32976891,1898.0,1906.0,1903.1
32978890,1903.0,1907.0,1903.1
32980891,1997.0,1926.8,1931.2
32982890,1907.0,1920.4,1924.0
32984891,1906.0,1922.2,1918.6
32986890,1903.0,1923.2,1913.9
32988891,1907.0,1924.0,1911.8
32990890,1917.0,1908.0,1913.4
32992891,1907.0,1908.0,1911.5
32994890,1815.0,1889.8,1882.5
32996891,1935.0,1896.2,1898.3
32998890,1905.0,1895.8,1900.3
33000891,1996.0,1911.6,1929.0
33002890,1911.0,1912.4,1923.6
33004891,1904.0,1930.2,1917.7
33006890,1905.0,1924.2,1913.9
33008891,1905.0,1924.2,1911.2
33010890,1905.0,1906.0,1909.4
33012891,1922.0,1908.2,1913.2
33014890,1904.0,1908.2,1910.4
33016891,1894.0,1906.0,1905.5
33018890,1895.0,1904.0,1902.3
33020891,1902.0,1903.4,1902.2
33022890,1902.0,1899.4,1902.2
33024891,1891.0,1896.8,1898.8
33026890,1894.0,1896.8,1897.4
33028891,1899.0,1897.6,1897.9
33030890,1904.0,1898.0,1899.7
33032891,1894.0,1896.4,1898.0
33034890,1923.0,1902.8,1905.5
33036891,1908.0,1905.6,1906.2
33038890,1891.0,1904.0,1901.7
33040891,1901.0,1903.4,1901.5
33042890,1795.0,1883.6,1869.5
33044891,1903.0,1879.6,1879.6
33046890,1895.0,1877.0,1884.2
33048891,1896.0,1878.0,1887.7
33050890,1904.0,1878.6,1892.6
33052891,1894.0,1898.4,1893.0
33054890,1967.0,1911.2,1915.2
33056891,1843.0,1900.8,1893.6
33058890,1856.0,1892.8,1882.3
33060891,1891.0,1890.2,1884.9
33062890,1906.0,1892.6,1891.2
33064891,1895.0,1878.2,1892.4
33066890,1909.0,1891.4,1897.4
33068891,1907.0,1901.6,1900.2
33070890,1883.0,1900.0,1895.1
33072891,1874.0,1893.6,1888.8
33074890,1898.0,1894.2,1891.5
33076891,1893.0,1891.0,1892.0
33078891,1893.0,1888.2,1892.3
33080891,1913.0,1894.2,1898.5
33082890,1904.0,1900.2,1900.1
33084891,1911.0,1902.8,1903.4
33086890,1894.0,1903.0,1900.6
33088891,1907.0,1905.8,1902.5
33090890,1884.0,1900.0,1897.0
33092891,1904.0,1900.0,1899.1
33094890,1917.0,1901.2,1904.4
33096891,1904.0,1903.2,1904.3
33098890,1909.0,1903.6,1905.7
33100891,1911.0,1909.0,1907.3
33102890,1895.0,1907.2,1903.6
33104891,1959.0,1915.6,1920.2
33106890,1941.0,1923.0,1926.5
33108891,1889.0,1919.0,1915.2
33110890,1923.0,1921.4,1917.6
33112891,1904.0,1923.2,1913.5
33114890,1914.0,1914.2,1913.6
33116891,1914.0,1908.8,1913.7
33118890,1910.0,1913.0,1912.6
33120891,1936.0,1915.6,1919.6
33122890,1912.0,1917.2,1917.3
33124891,1875.0,1909.4,1904.6
33126890,1886.0,1903.8,1899.0
33128891,1922.0,1906.2,1905.9
33130890,1914.0,1901.8,1908.4
33132892,1893.0,1898.0,1903.7
33134890,1830.0,1889.0,1881.6
33136891,1887.0,1889.2,1883.2
33138890,1899.0,1884.6,1888.0
33140891,1875.0,1876.8,1884.1
33142890,1929.0,1884.0,1897.6
33144891,1928.0,1903.6,1906.7
33146890,1939.0,1914.0,1916.4
33148891,1926.0,1919.4,1919.3
33150890,1875.0,1919.4,1906.0
33152891,1907.0,1915.0,1906.3
33154890,1904.0,1910.2,1905.6
33156891,1888.0,1900.0,1900.3
33158890,1895.0,1893.8,1898.7
33160891,1858.0,1890.4,1886.5
33162890,1891.0,1887.2,1887.9
33164891,1878.0,1882.0,1884.9
33166890,1904.0,1885.2,1890.6
33168891,1892.0,1884.6,1891.0
33170890,1890.0,1891.0,1890.7
33172891,1904.0,1893.6,1894.7
33174890,1911.0,1900.2,1899.6
33176891,1901.0,1899.6,1900.0
33178890,1856.0,1892.4,1886.8
33180891,1905.0,1895.4,1892.3
33182890,1903.0,1895.2,1895.5
33184891,1894.0,1891.8,1895.0
33186891,1905.0,1892.6,1898.0
33188892,1910.0,1903.4,1901.6
33190890,1940.0,1910.4,1913.1
33192891,1900.0,1909.8,1909.2
33194890,1911.0,1913.2,1909.7
33196891,1915.0,1915.2,1911.3
33198890,1895.0,1912.2,1906.4
33200891,1883.0,1900.8,1899.4
33202890,1918.0,1904.4,1905.0
33204892,1915.0,1905.2,1908.0
33206890,1904.0,1903.0,1906.8
33208891,1909.0,1905.8,1907.5
33210890,1907.0,1910.6,1907.3
33212892,1900.0,1907.0,1905.1
33214890,1879.0,1899.8,1897.3
33216891,1914.0,1901.8,1902.3
33218890,1828.0,1885.6,1880.0
33220891,1932.0,1890.6,1895.6
33222890,1907.0,1892.0,1899.0
33224891,1905.0,1897.2,1900.8
33226890,1895.0,1893.4,1899.1
33228891,1899.0,1907.6,1899.1
33230890,1884.0,1898.0,1894.5
33232891,1906.0,1897.8,1898.0
33234890,1889.0,1894.6,1895.3
33236891,1881.0,1891.8,1891.0
33238890,1897.0,1891.4,1892.8
33240891,1893.0,1893.2,1892.9
33242890,1883.0,1888.6,1889.9
33244891,1893.0,1889.4,1890.8
33246890,1899.0,1893.0,1893.3
33248891,1873.0,1888.2,1887.2
33250890,1909.0,1891.4,1893.7
33252891,1893.0,1893.4,1893.5
33254890,1905.0,1895.8,1897.0
33256891,1899.0,1895.8,1897.6
33258890,1899.0,1901.0,1898.0
33260892,1981.0,1915.4,1922.9
33262890,1898.0,1916.4,1915.4
33264891,1902.0,1915.8,1911.4
33266890,1883.0,1912.6,1902.9
33268891,1895.0,1911.8,1900.5
33270890,1862.0,1888.0,1889.0
33272891,1904.0,1889.2,1893.5
33274890,1899.0,1888.6,1895.1
33276891,1903.0,1892.6,1897.5
33278890,1936.0,1900.8,1909.0
33280891,1888.0,1906.0,1902.7
33282890,1916.0,1908.4,1906.7
33284891,1898.0,1908.2,1904.1
33286890,1919.0,1911.4,1908.6
33288891,1907.0,1905.6,1908.1
33290890,1904.0,1908.8,1906.9
33292891,1842.0,1894.0,1887.4
33294891,1861.0,1886.6,1879.5
33296891,1921.0,1887.0,1891.9
33298890,1903.0,1886.2,1895.3
33300891,1922.0,1889.8,1903.3
33302890,1907.0,1902.8,1904.4
33304891,1908.0,1912.2,1905.5
33306890,1914.0,1910.8,1908.0
33308891,1903.0,1910.8,1906.5
33310890,1927.0,1911.8,1912.7
33312891,1904.0,1911.2,1910.1
33314890,1886.0,1906.8,1902.8
33316891,1892.0,1902.4,1899.6
33318890,1897.0,1901.2,1898.8
33320891,1895.0,1894.8,1897.7
33322890,1904.0,1894.8,1899.6
33324891,1897.0,1897.0,1898.8
33326890,1893.0,1897.2,1897.1
33328891,1899.0,1897.6,1897.6
33330890,1920.0,1902.6,1904.3
33332891,1891.0,1900.0,1900.3
33334890,1891.0,1898.8,1897.5
33336891,1914.0,1903.0,1902.5
33338890,1918.0,1906.8,1907.1
33340891,1900.0,1902.8,1905.0
33342890,1893.0,1903.2,1901.4
33344891,1891.0,1903.2,1898.3
33346890,1895.0,1899.4,1897.3
33348891,1863.0,1888.4,1887.0
33350890,1897.0,1887.8,1890.0
33352892,1899.0,1889.0,1892.7
33354890,1904.0,1891.6,1896.1
33356891,1898.0,1892.2,1896.7
33358890,1905.0,1900.6,1899.2
33360891,1901.0,1901.4,1899.7
33362890,1898.0,1901.2,1899.2
33364891,1907.0,1901.8,1901.5
33366890,1898.0,1901.8,1900.5
33368891,1907.0,1902.2,1902.4
33370891,1902.0,1902.4,1902.3
33372891,1902.0,1903.2,1902.2
33374890,1905.0,1902.8,1903.0
33376891,1903.0,1903.8,1903.0
33378890,1891.0,1900.6,1899.4
33380891,1903.0,1900.8,1900.5
33382890,1901.0,1900.6,1900.6
33384891,1911.0,1901.8,1903.8
33386890,1904.0,1902.0,1903.8
33388891,1920.0,1907.8,1908.7
33390891,1911.0,1909.4,1909.4
33392891,1904.0,1910.0,1907.8
33394890,1914.0,1910.6,1909.6
33396891,1908.0,1911.4,1909.1
33398890,1923.0,1912.0,1913.3
33400891,1910.0,1911.8,1912.3
33402890,1915.0,1914.0,1913.1
33404891,1908.0,1912.8,1911.6
33406890,1926.0,1916.4,1915.9
33408891,1913.0,1914.4,1915.0
33410890,1902.0,1912.8,1911.1
33412891,1904.0,1910.6,1909.0
33414890,1900.0,1909.0,1906.3
33416891,1907.0,1905.2,1906.5
33418890,1905.0,1903.6,1906.1
33420891,1910.0,1905.2,1907.2
33422890,1923.0,1909.0,1912.0
33424891,1901.0,1909.2,1908.7
33426890,1897.0,1907.2,1905.2
33428891,1893.0,1904.8,1901.5
33430890,1902.0,1903.2,1901.7
33432891,1894.0,1897.4,1899.4
33434890,1904.0,1898.0,1900.8
33436891,1891.0,1896.8,1897.8
33438890,1901.0,1898.4,1898.8
33440891,1904.0,1898.8,1900.3
33442890,1899.0,1899.8,1899.9
33444891,1899.0,1898.8,1899.7
33446890,1904.0,1901.4,1901.0
33448891,1902.0,1901.6,1901.3
33450890,1896.0,1900.0,1899.7
33452891,1872.0,1894.6,1891.4
33454890,1892.0,1893.2,1891.6
33456891,1904.0,1893.2,1895.3
33458890,1905.0,1893.8,1898.2
33460891,1904.0,1895.4,1899.9
33462890,1901.0,1901.2,1900.3
33464891,1902.0,1903.2,1900.8
33466890,1904.0,1903.2,1901.7
33468892,1903.0,1902.8,1902.1
33470890,1899.0,1901.8,1901.2
33472891,1894.0,1900.4,1899.0
33474890,1902.0,1900.4,1899.9
33476891,1891.0,1897.8,1897.2
33478890,1908.0,1898.8,1900.5
33480891,1863.0,1891.6,1889.2
33482890,1910.0,1894.8,1895.5
33484891,1911.0,1896.6,1900.1
33486890,1904.0,1899.2,1901.3
33488891,1909.0,1899.4,1903.6
33490890,1915.0,1909.8,1907.0
33492891,1915.0,1910.8,1909.4
33494890,1907.0,1910.0,1908.7
33496891,1915.0,1912.2,1910.6
33498890,1915.0,1913.4,1911.9
33500891,1916.0,1913.6,1913.1
33502890,1921.0,1914.8,1915.5
33504891,1904.0,1914.2,1912.0
33506890,1910.0,1913.2,1911.4
33508891,1892.0,1908.6,1905.6
33510890,1917.0,1908.8,1909.0
33512891,1907.0,1906.0,1908.4
33514890,1901.0,1905.4,1906.2
33516891,1913.0,1906.0,1908.2
33518890,1901.0,1907.8,1906.1
33520891,1900.0,1904.4,1904.2
33522890,1915.0,1906.0,1907.5
33524891,1891.0,1904.0,1902.5
33526890,1893.0,1900.0,1899.7
33528891,1901.0,1900.0,1900.1
33530890,1897.0,1899.4,1899.1
33532891,1904.0,1897.2,1900.6
33534890,1895.0,1898.0,1898.9
33536891,1895.0,1898.4,1897.7
33538890,1899.0,1898.0,1898.1
33540891,1895.0,1897.6,1897.2
33542890,1894.0,1895.6,1896.2
33544891,1898.0,1896.2,1896.8
33546890,1888.0,1894.8,1894.1
33548891,1894.0,1893.8,1894.1
33550890,1871.0,1889.0,1887.2
33552891,1891.0,1888.4,1888.3
33554890,1899.0,1888.6,1891.5
33556891,1902.0,1891.4,1894.7
33558890,1887.0,1890.0,1892.4
33560891,1899.0,1895.6,1894.4
33562890,1895.0,1896.4,1894.5
33564891,1904.0,1897.4,1897.4
33566890,1899.0,1896.8,1897.9
33568891,1904.0,1900.2,1899.7
33570890,1890.0,1898.4,1896.8
33572891,1899.0,1899.2,1897.5
33574890,1886.0,1895.6,1894.0
33576892,1897.0,1895.2,1894.9
33578890,1902.0,1894.8,1897.0
33580891,1904.0,1897.6,1899.1
33582890,1904.0,1898.6,1900.6
33584891,1920.0,1905.4,1906.4
33586890,1907.0,1907.4,1906.6
33588891,1909.0,1908.8,1907.3
33590890,1908.0,1909.6,1907.5
33592891,1904.0,1909.6,1906.5
33594890,1907.0,1907.0,1906.6
33596891,1909.0,1907.4,1907.3
33598890,1918.0,1909.2,1910.5
33600891,1915.0,1910.6,1911.9
33602890,1907.0,1911.2,1910.4
33604891,1909.0,1911.6,1910.0
33606891,1904.0,1910.6,1908.2
33608891,1903.0,1907.6,1906.6
33610890,1915.0,1907.6,1909.1
33612891,1910.0,1908.2,1909.4
33614890,1901.0,1906.6,1906.9
33616891,1900.0,1905.8,1904.8
33618890,1901.0,1905.4,1903.7
33620891,1903.0,1903.0,1903.5
33622890,1905.0,1902.0,1903.9
33624891,1895.0,1900.8,1901.3
33626890,1908.0,1902.4,1903.3
33628891,1890.0,1900.2,1899.3
33630890,1886.0,1896.8,1895.3
33632891,1906.0,1897.0,1898.5
33634890,1886.0,1895.2,1894.8
33636891,1897.0,1893.0,1895.4
33638890,1897.0,1894.4,1895.9
33640891,1897.0,1896.6,1896.2
33642891,1895.0,1894.4,1895.9
33644891,1910.0,1899.2,1900.1
33646890,1901.0,1900.0,1900.4
33648891,1898.0,1900.2,1899.7
33650890,1894.0,1899.6,1898.0
33652892,1893.0,1899.2,1896.5
33654890,1904.0,1898.0,1898.7
33656891,1880.0,1893.8,1893.1
33658890,1904.0,1895.0,1896.4
33660891,1869.0,1890.0,1888.2
33662890,1901.0,1891.6,1892.0
33664891,1904.0,1891.6,1895.6
33666890,1899.0,1895.4,1896.6
33668891,1901.0,1894.8,1897.9
33670890,1902.0,1901.4,1899.2
33672891,1899.0,1901.0,1899.1
33674890,1902.0,1900.6,1900.0
33676892,1904.0,1901.6,1901.2
33678890,1905.0,1902.4,1902.3
33680891,1917.0,1905.4,1906.7
33682890,1894.0,1904.4,1902.9
33684891,1905.0,1905.0,1903.5
33686890,1922.0,1908.6,1909.1
33688891,1904.0,1908.4,1907.6
33690890,1904.0,1905.8,1906.5
33692891,1897.0,1906.4,1903.6
33694890,1904.0,1906.2,1903.7
33696891,1901.0,1902.0,1902.9
33698890,1904.0,1902.0,1903.2
33700891,1912.0,1903.6,1905.9
33702890,1909.0,1906.0,1906.8
33704891,1911.0,1907.4,1908.1
33706890,1909.0,1909.0,1908.3
33708891,1917.0,1911.6,1910.9
33710890,1905.0,1910.2,1909.2
33712891,1889.0,1906.2,1903.1
33714890,1900.0,1904.0,1902.2
33716891,1907.0,1903.6,1903.6
33718890,1890.0,1898.2,1899.5
33720891,1899.0,1897.0,1899.4
33722890,1905.0,1900.2,1901.1
33724891,1897.0,1899.6,1899.8
33726890,1891.0,1896.4,1897.2
33728891,1903.0,1899.0,1898.9
33730890,1895.0,1898.2,1897.8
33732891,1903.0,1897.8,1899.3
33734890,1898.0,1898.0,1898.9
33736891,1897.0,1899.2,1898.4
33738891,1901.0,1898.8,1899.1
33740891,1894.0,1898.6,1897.6
33742890,1895.0,1897.0,1896.8
33744891,1893.0,1896.0,1895.7
33746890,1893.0,1895.2,1894.9
33748891,1904.0,1895.8,1897.6
33750890,1892.0,1895.4,1895.9
33752891,1893.0,1895.0,1895.0
33754890,1904.0,1897.2,1897.7
33756891,1899.0,1898.4,1898.1
33758890,1897.0,1897.0,1897.8
33760891,1904.0,1899.4,1899.6
33762890,1901.0,1901.0,1900.1
33764891,1901.0,1900.4,1900.3
33766890,1899.0,1900.4,1899.9
33768891,1889.0,1898.8,1896.7
33770890,1898.0,1897.6,1897.1
33772891,1893.0,1896.0,1895.8
33774890,1904.0,1896.6,1898.3
33776891,1898.0,1896.4,1898.2
33778891,1904.0,1899.4,1899.9
33780891,1897.0,1899.2,1899.1
33782890,1904.0,1901.4,1900.5
33784891,1904.0,1901.4,1901.6
33786891,1905.0,1902.8,1902.6
33788891,1911.0,1904.2,1905.1
33790890,1904.0,1905.6,1904.8
33792891,1913.0,1907.4,1907.3
33794890,1909.0,1908.4,1907.8
33796891,1909.0,1909.2,1908.1
33798890,1917.0,1910.4,1910.8
33800891,1907.0,1911.0,1909.7
33802890,1905.0,1909.4,1908.3
33804891,1904.0,1908.4,1907.0
33806890,1904.0,1907.4,1906.1
33808891,1909.0,1905.8,1907.0
33810890,1909.0,1906.2,1907.6
33812891,1913.0,1907.8,1909.2
33814890,1904.0,1907.8,1907.6
33816891,1905.0,1908.0,1906.8
33818890,1903.0,1906.8,1905.7
33820891,1904.0,1905.8,1905.2
33822890,1839.0,1891.0,1885.3
33824891,1891.0,1888.4,1887.0
33826890,1905.0,1888.4,1892.4
33828891,1895.0,1886.8,1893.2
33830890,1878.0,1881.6,1888.6
33832891,1886.0,1891.0,1887.8
33834890,1894.0,1891.6,1889.7
33836891,1899.0,1890.4,1892.5
33838890,1916.0,1894.6,1899.5
33840891,1898.0,1898.6,1899.1
33842890,1936.0,1908.6,1910.2
33844891,1893.0,1908.4,1905.0
33846891,1895.0,1907.6,1902.0
33848891,1890.0,1902.4,1898.4
33850890,1891.0,1901.0,1896.2
33852891,1831.0,1880.0,1876.6
33854890,1938.0,1889.0,1895.0
33856891,1881.0,1886.2,1890.8
33858890,1897.0,1887.6,1892.7
33860891,1899.0,1889.2,1894.6
33862890,1886.0,1900.2,1892.0
33864891,1908.0,1894.2,1896.8
33866890,1851.0,1888.2,1883.1
33868891,1902.0,1889.2,1888.7
33870890,1881.0,1885.6,1886.4
33872891,1897.0,1887.8,1889.6
33874890,1909.0,1888.0,1895.4
33876891,1949.0,1907.6,1911.5
33878890,1890.0,1905.2,1905.0
33880891,1901.0,1909.2,1903.8
33882890,1904.0,1910.6,1903.9
33884891,1991.0,1927.0,1930.0
33886890,1904.0,1918.0,1922.2
33888891,1920.0,1924.0,1921.5
33890890,1911.0,1926.0,1918.4
33892891,1882.0,1921.6,1907.5
33894890,1906.0,1904.6,1907.0
33896891,1874.0,1898.6,1897.1
33898890,1915.0,1897.6,1902.5
33900891,1914.0,1898.2,1905.9
33902890,1920.0,1905.8,1910.2
33904891,1858.0,1896.2,1894.5
33906890,1789.0,1879.2,1862.9
33908891,1917.0,1879.6,1879.1
33910890,1889.0,1874.6,1882.1
33912891,1984.0,1887.4,1912.6
33914890,1904.0,1896.6,1910.1
33916891,1937.0,1926.2,1918.1
33918890,1904.0,1923.6,1913.9
33920891,1899.0,1925.6,1909.4
33922890,1899.0,1908.6,1906.3
33924891,1872.0,1902.2,1896.0
33926890,1914.0,1897.6,1901.4
33928891,1900.0,1896.8,1901.0
33930890,1911.0,1899.2,1904.0
33932891,1909.0,1901.2,1905.5
33934890,1891.0,1905.0,1901.1
33936891,1895.0,1901.2,1899.3
33938890,1891.0,1899.4,1896.8
33940891,1878.0,1892.8,1891.2
33942890,1889.0,1888.8,1890.5
33944891,1900.0,1890.6,1893.4
33946890,1899.0,1891.4,1895.1
33948891,1910.0,1895.2,1899.5
33950890,1904.0,1900.4,1900.9
33952891,1913.0,1905.2,1904.5
33954890,1921.0,1909.4,1909.5
33956891,1892.0,1908.0,1904.2
33958890,1882.0,1902.4,1897.6
33960891,1907.0,1903.0,1900.4
33962890,1875.0,1895.4,1892.8
33964891,1902.0,1891.6,1895.5
33966891,1891.0,1891.4,1894.2
33968891,1933.0,1901.6,1905.8
33970890,1920.0,1904.2,1910.1
33972891,1878.0,1904.8,1900.5
33974890,1903.0,1905.0,1901.2
33976891,1879.0,1902.6,1894.6
33978890,1886.0,1893.2,1892.0
33980891,1903.0,1889.8,1895.3
33982890,1886.0,1891.4,1892.5
33984891,1903.0,1891.4,1895.7
33986890,1911.0,1897.8,1900.3
33988891,1862.0,1893.0,1888.8
33990890,1919.0,1896.2,1897.8
33992891,1917.0,1902.4,1903.6
33994890,1917.0,1905.2,1907.6
33996891,1893.0,1901.6,1903.2
33998890,1935.0,1916.2,1912.8
34000891,1997.0,1931.8,1938.0
34002890,1858.0,1920.0,1914.0
34004891,1904.0,1917.4,1911.0
34006890,1898.0,1918.4,1907.1
34008891,1850.0,1901.4,1890.0
34010890,1857.0,1873.4,1880.1
34012891,1903.0,1882.4,1887.0
34014890,1873.0,1876.2,1882.8
34016891,1846.0,1865.8,1871.7
34018890,1900.0,1875.8,1880.2
34020891,1882.0,1880.8,1880.8
34022890,1923.0,1884.8,1893.4
34024891,1879.0,1886.0,1889.1
34026890,1899.0,1896.6,1892.1
34028891,1895.0,1895.6,1892.9
34030890,1894.0,1898.0,1893.3
34032891,1904.0,1894.2,1896.5
34034891,1894.0,1897.2,1895.7
34036891,1891.0,1895.6,1894.3
34038891,1889.0,1894.4,1892.7
34040891,1894.0,1894.4,1893.1
34042891,1915.0,1896.6,1899.7
34044891,1899.0,1897.6,1899.5
34046890,1889.0,1897.2,1896.3
34048891,1895.0,1898.4,1895.9
34050890,1855.0,1890.6,1883.7
34052891,1899.0,1887.4,1888.3
34054890,1903.0,1888.2,1892.7
34056891,1886.0,1887.6,1890.7
34058890,1903.0,1889.2,1894.4
34060891,1907.0,1899.6,1898.2
34062890,1857.0,1891.2,1885.8
34064891,1923.0,1895.2,1897.0
34066890,1899.0,1897.8,1897.6
34068891,1899.0,1897.0,1898.0
34070890,1891.0,1893.8,1895.9
34072891,1895.0,1901.4,1895.6
34074890,1897.0,1896.2,1896.0
34076891,1906.0,1897.6,1899.0
34078890,1933.0,1904.4,1909.2
34080891,1905.0,1907.2,1908.0
34082890,1886.0,1905.4,1901.4
34084891,1919.0,1909.8,1906.7
34086890,1914.0,1911.4,1908.9
34088891,1902.0,1905.2,1906.8
34090890,1910.0,1906.2,1907.8
34092891,1910.0,1911.0,1908.4
34094890,1904.0,1908.0,1907.1
34096891,1908.0,1906.8,1907.4
34098890,1905.0,1907.4,1906.7
34100891,1914.0,1908.2,1908.9
34102890,1914.0,1909.0,1910.4
34104891,1903.0,1908.8,1908.2
34106890,1904.0,1908.0,1906.9
34108891,1904.0,1907.8,1906.0
34110890,1907.0,1906.4,1906.3
34112891,1906.0,1904.8,1906.2
34114890,1905.0,1905.2,1905.9
34116891,1907.0,1905.8,1906.2
34118890,1914.0,1907.8,1908.5
34120891,1894.0,1905.2,1904.2
34122890,1903.0,1904.6,1903.8
34124891,1904.0,1904.4,1903.9
34126890,1906.0,1904.2,1904.5
34128891,1906.0,1902.6,1905.0
34130890,1898.0,1903.4,1902.9
34132891,1904.0,1903.6,1903.2
34134890,1899.0,1902.6,1901.9
34136891,1904.0,1902.2,1902.6
34138890,1905.0,1902.0,1903.3
34140891,1904.0,1903.2,1903.5
34142890,1894.0,1901.2,1900.7
34144891,1893.0,1900.0,1898.4
34146890,1909.0,1901.0,1901.6
34148891,1893.0,1898.6,1899.0
34150890,1903.0,1898.4,1900.2
34152891,1904.0,1900.4,1901.3
34154890,1899.0,1901.6,1900.6
34156891,1904.0,1900.6,1901.6
34158890,1905.0,1903.0,1902.7
34160891,1895.0,1901.4,1900.4
34162890,1894.0,1899.4,1898.4
34164891,1893.0,1898.2,1896.8
34166890,1896.0,1896.6,1896.6
34168892,1903.0,1896.2,1898.5
34170890,1899.0,1897.0,1898.6
34172891,1904.0,1899.0,1900.3
34174890,1906.0,1901.6,1902.0
34176891,1903.0,1903.0,1902.3
34178890,1905.0,1903.4,1903.1
34180891,1911.0,1905.8,1905.5
34182890,1904.0,1905.8,1905.0
34184891,1902.0,1905.0,1904.1
34186890,1917.0,1907.8,1908.0
34188891,1904.0,1907.6,1906.8
34190890,1917.0,1908.8,1909.9
34192891,1902.0,1908.4,1907.5
34194890,1926.0,1913.2,1913.0
34196891,1893.0,1908.4,1907.0
34198890,1901.0,1907.8,1905.2
34200891,1911.0,1906.6,1907.0
34202891,1919.0,1910.0,1910.6
34204891,1904.0,1905.6,1908.6
34206890,1915.0,1910.0,1910.5
34208891,1907.0,1911.2,1909.5
34210890,1906.0,1910.2,1908.4
34212891,1895.0,1905.4,1904.4
34214890,1897.0,1904.0,1902.2
34216891,1904.0,1901.8,1902.7
34218890,1898.0,1900.0,1901.3
34220891,1893.0,1897.4,1898.8
34222891,1898.0,1898.0,1898.6
34224891,1887.0,1896.0,1895.1
34226890,1904.0,1896.0,1897.8
34228891,1902.0,1896.8,1899.0
34230891,1895.0,1897.2,1897.8
34232891,1887.0,1895.0,1894.6
34234890,1899.0,1897.4,1895.9
34236891,1894.0,1895.4,1895.3
34238890,1907.0,1896.4,1898.8
34240891,1901.0,1897.6,1899.5
34242890,1894.0,1899.0,1897.8
34244891,1894.0,1898.0,1896.7
34246890,1897.0,1898.6,1896.8
34248891,1911.0,1899.4,1901.0
34250890,1903.0,1899.8,1901.6
34252891,1895.0,1900.0,1899.6
34254890,1891.0,1899.4,1897.1
34256891,1904.0,1900.8,1899.1
34258890,1899.0,1898.4,1899.1
34260891,1903.0,1898.4,1900.3
34262890,1884.0,1896.2,1895.4
34264891,1903.0,1898.6,1897.7
34266890,1904.0,1898.6,1899.6
34268892,1898.0,1898.4,1899.1
34270890,1903.0,1898.4,1900.3
34272891,1899.0,1901.4,1899.9
34274890,1894.0,1899.6,1898.1
34276891,1891.0,1897.0,1896.0
34278890,1904.0,1898.2,1898.4
34280892,1908.0,1899.2,1901.3
34282890,1903.0,1900.0,1901.8
34284891,1902.0,1901.6,1901.9
34286890,1901.0,1903.6,1901.6
34288891,1915.0,1905.8,1905.6
34290890,1905.0,1905.2,1905.4
34292891,1914.0,1907.4,1908.0
34294890,1907.0,1908.4,1907.7
34296891,1910.0,1910.2,1908.4
34298890,1916.0,1910.4,1910.7
34300891,1906.0,1910.6,1909.3
34302890,1917.0,1911.2,1911.6
34304891,1904.0,1910.6,1909.3
34306890,1919.0,1912.4,1912.2
34308891,1925.0,1914.2,1916.1
34310890,1918.0,1916.6,1916.6
34312891,1901.0,1913.4,1911.9
34314890,1917.0,1916.0,1913.5
34316891,1901.0,1912.4,1909.7
34318890,1902.0,1907.8,1907.4
34320891,1907.0,1905.6,1907.3
34322890,1904.0,1906.2,1906.3
34324891,1901.0,1903.0,1904.7
34326890,1904.0,1903.6,1904.5
34328891,1898.0,1902.8,1902.5
34330890,1893.0,1900.0,1899.7
34332891,1892.0,1897.6,1897.4
34334890,1896.0,1896.6,1897.0
34336891,1906.0,1897.0,1899.7
34338890,1931.0,1903.6,1909.1
34340891,1893.0,1903.6,1904.3
34342890,1902.0,1905.6,1903.6
34344891,1897.0,1905.8,1901.6
34346890,1904.0,1905.4,1902.3
34348891,1899.0,1899.0,1901.3
34350890,1893.0,1899.0,1898.8
34352891,1898.0,1898.2,1898.6
34354890,1898.0,1898.4,1898.4
34356891,1893.0,1896.2,1896.8
34358890,1904.0,1897.2,1898.9
34360891,1891.0,1896.8,1896.6
34362890,1903.0,1897.8,1898.5
34364891,1888.0,1895.8,1895.3
34366890,1889.0,1895.0,1893.4
34368891,1898.0,1893.8,1894.8
34370890,1903.0,1896.2,1897.3
34372891,1901.0,1895.8,1898.4
34374890,1902.0,1898.6,1899.5
34376891,1893.0,1899.4,1897.5
34378890,1903.0,1900.4,1899.2
34380891,1901.0,1900.0,1899.7
34382890,1904.0,1900.6,1901.0
34384892,1907.0,1901.6,1902.8
34386890,1904.0,1903.8,1903.2
34388891,1898.0,1902.8,1901.6
34390890,1888.0,1900.2,1897.5
34392891,1902.0,1899.8,1898.9
34394890,1905.0,1899.4,1900.7
34396891,1920.0,1902.6,1906.5
34398891,1916.0,1906.2,1909.3
34400891,1915.0,1911.6,1911.0
34402891,1909.0,1913.0,1910.4
34404891,1906.0,1913.2,1909.1
34406890,1907.0,1910.6,1908.5
34408891,1900.0,1907.4,1905.9
34410890,1916.0,1907.6,1909.0
34412891,1898.0,1905.4,1905.7
34414890,1893.0,1902.8,1901.9
34416891,1904.0,1902.2,1902.5
34418890,1904.0,1903.0,1903.0
34420891,1897.0,1899.2,1901.2
34422891,1892.0,1898.0,1898.4
34424891,1904.0,1900.2,1900.1
34426890,1899.0,1899.2,1899.8
34428891,1899.0,1898.2,1899.5
34430891,1902.0,1899.2,1900.3
34432891,1903.0,1901.4,1901.1
34434890,1897.0,1900.0,1899.9
34436891,1897.0,1899.6,1899.0
34438890,1904.0,1900.6,1900.5
34440891,1901.0,1900.4,1900.7
34442890,1900.0,1899.8,1900.5
34444891,1905.0,1901.4,1901.8
34446890,1901.0,1902.2,1901.6
34448891,1909.0,1903.2,1903.8
34450890,1893.0,1901.6,1900.6
34452891,1902.0,1902.0,1901.0
34454890,1893.0,1899.6,1898.6
34456891,1905.0,1900.4,1900.5
34458890,1901.0,1898.8,1900.7
34460891,1894.0,1899.0,1898.7
34462890,1904.0,1899.4,1900.3
34464891,1894.0,1899.6,1898.4
34466890,1899.0,1898.4,1898.6
34468891,1897.0,1897.6,1898.1
34470890,1887.0,1896.2,1894.8
34472891,1904.0,1896.2,1897.5
34474890,1899.0,1897.2,1898.0
34476892,1906.0,1898.6,1900.4
34478890,1904.0,1900.0,1901.5
34480891,1899.0,1902.4,1900.7
34482890,1899.0,1901.4,1900.2
34484891,1891.0,1899.8,1897.4
34486890,1903.0,1899.2,1899.1
34488891,1886.0,1895.6,1895.2
34490890,1915.0,1898.8,1901.1
34492891,1904.0,1899.8,1902.0
34494890,1907.0,1903.0,1903.5
34496891,1907.0,1903.8,1904.5
34498890,1904.0,1907.4,1904.4
34500891,1910.0,1906.4,1906.1
34502890,1908.0,1907.2,1906.6
34504891,1905.0,1906.8,1906.2
34506890,1909.0,1907.2,1907.0
34508892,1909.0,1908.2,1907.6
34510890,1885.0,1903.2,1900.8
34512891,1904.0,1902.4,1901.8
34514890,1907.0,1902.8,1903.3
34516891,1897.0,1900.4,1901.4
34518890,1903.0,1899.2,1901.9
34520891,1900.0,1902.2,1901.3
34522890,1899.0,1901.2,1900.6
34524891,1902.0,1900.2,1901.0
34526891,1899.0,1900.6,1900.4
34528891,1901.0,1900.2,1900.6
34530890,1894.0,1899.0,1898.6
34532891,1894.0,1898.0,1897.2
34534890,1898.0,1897.2,1897.5
34536891,1902.0,1897.8,1898.8
34538890,1894.0,1896.4,1897.4
34540891,1899.0,1897.4,1897.9
34542890,1891.0,1896.8,1895.8
34544891,1903.0,1897.8,1898.0
34546890,1901.0,1897.6,1898.9
34548891,1904.0,1899.6,1900.4
34550890,1900.0,1899.8,1900.3
34552891,1903.0,1902.2,1901.1
34554890,1903.0,1902.2,1901.7
34556891,1897.0,1901.4,1900.3
34558890,1906.0,1901.8,1902.0
34560891,1901.0,1902.0,1901.7
34562890,1897.0,1900.8,1900.3
34564892,1904.0,1901.0,1901.4
34566890,1898.0,1901.2,1900.4
34568891,1895.0,1899.0,1898.8
34570890,1901.0,1899.0,1899.4
34572892,1900.0,1899.6,1899.6
34574890,1901.0,1899.0,1900.0
34576891,1897.0,1898.8,1899.1
34578890,1898.0,1899.4,1898.8
34580891,1898.0,1898.8,1898.5
34582891,1904.0,1899.6,1900.2
34584891,1904.0,1900.2,1901.3
34586890,1899.0,1900.6,1900.6
34588891,1906.0,1902.2,1902.2
34590890,1917.0,1906.0,1906.7
34592891,1909.0,1907.0,1907.4
34594890,1911.0,1908.4,1908.5
34596891,1905.0,1909.6,1907.4
34598890,1909.0,1910.2,1907.9
34600891,1906.0,1908.0,1907.3
34602890,1911.0,1908.4,1908.4
34604891,1906.0,1907.4,1907.7
34606890,1908.0,1908.0,1907.8
34608891,1914.0,1909.0,1909.7
34610890,1904.0,1908.6,1908.0
34612891,1903.0,1907.0,1906.5
34614890,1896.0,1905.0,1903.3
34616891,1899.0,1903.2,1902.0
34618890,1904.0,1901.2,1902.6
34620891,1900.0,1900.4,1901.8
34622890,1888.0,1897.4,1897.7
34624891,1899.0,1898.0,1898.1
34626890,1861.0,1890.4,1887.0
34628891,1899.0,1889.4,1890.6
34630890,1901.0,1889.6,1893.7
34632892,1921.0,1896.2,1901.9
34634890,1894.0,1895.2,1899.5
34636891,1899.0,1902.8,1899.4
34638890,1903.0,1903.6,1900.5
34640891,1903.0,1904.0,1901.2
34642890,1899.0,1899.6,1900.6
34644891,1878.0,1896.4,1893.8
34646890,1888.0,1894.2,1892.1
34648891,1901.0,1893.8,1894.7
34650890,1899.0,1893.0,1896.0
34652891,1902.0,1893.6,1897.8
34654890,1901.0,1898.2,1898.8
34656891,1893.0,1899.2,1897.0
34658891,1899.0,1898.8,1897.6
34660891,1903.0,1899.6,1899.2
34662890,1893.0,1897.8,1897.4
34664891,1900.0,1897.6,1898.2
34666890,1898.0,1898.6,1898.1
34668891,1894.0,1897.6,1896.9
34670890,1904.0,1897.8,1899.0
34672891,1913.0,1901.8,1903.2
34674890,1903.0,1902.4,1903.1
34676892,1905.0,1903.8,1903.7
34678890,1901.0,1905.2,1902.9
34680891,1895.0,1903.4,1900.5
34682890,1778.0,1876.4,1863.8
34684891,1914.0,1878.6,1878.8
34686890,1923.0,1882.2,1892.1
34688891,1904.0,1882.8,1895.7
34690890,1915.0,1886.8,1901.5
34692891,1906.0,1912.4,1902.8
34694890,1907.0,1911.0,1904.1
34696891,1907.0,1907.8,1905.0
34698890,1914.0,1909.8,1907.7
34700891,1936.0,1914.0,1916.2
34702890,1914.0,1915.6,1915.5
34704891,1922.0,1918.6,1917.5
34706890,1904.0,1918.0,1913.4
34708891,1923.0,1919.8,1916.3
34710890,1922.0,1917.0,1918.0
34712891,1899.0,1914.0,1912.3
34714890,1904.0,1910.4,1909.8
34716891,1845.0,1898.6,1890.4
34718890,1859.0,1885.8,1881.0
34720891,1919.0,1885.2,1892.4
34722890,1898.0,1885.0,1894.1
34724892,1901.0,1884.4,1896.1
34726890,1901.0,1895.6,1897.6
34728891,1907.0,1905.2,1900.4
34730890,1897.0,1900.8,1899.4
34732891,1895.0,1900.2,1898.1
34734890,1899.0,1899.8,1898.4
34736891,1882.0,1896.0,1893.4
34738890,1840.0,1882.6,1877.4
34740891,1898.0,1882.8,1883.6
34742890,1904.0,1884.6,1889.7
34744891,1839.0,1872.6,1874.5
34746890,1893.0,1874.8,1880.0
34748891,1904.0,1887.6,1887.2
34750890,1911.0,1890.2,1894.4
34752891,1883.0,1886.0,1891.0
34754890,1895.0,1897.2,1892.2
34756891,1918.0,1902.2,1899.9
34758890,1925.0,1906.4,1907.4
34760891,1909.0,1906.0,1907.9
34762890,1913.0,1912.0,1909.4
34764891,1888.0,1910.6,1903.0
34766890,1890.0,1905.0,1899.1
34768891,1930.0,1906.0,1908.4
34770890,1981.0,1920.4,1930.2
34772891,1902.0,1918.2,1921.7
34774890,1904.0,1921.4,1916.4
34776891,1907.0,1924.8,1913.6
34778890,1929.0,1924.6,1918.2
34780891,1904.0,1909.2,1913.9
34782890,1904.0,1909.6,1911.0
34784892,1908.0,1910.4,1910.1
34786890,1897.0,1908.4,1906.2
34788891,1906.0,1903.8,1906.1
34790890,1894.0,1901.8,1902.5
34792891,1904.0,1901.8,1902.9
34794890,2039.0,1928.0,1943.8
34796891,1900.0,1928.6,1930.6
34798890,1889.0,1925.2,1918.1
34800891,1906.0,1927.6,1914.5
34802890,1915.0,1929.8,1914.6
34804891,1933.0,1908.6,1920.2
34806891,1901.0,1908.8,1914.4
34808891,1847.0,1900.4,1894.2
34810890,1914.0,1902.0,1900.1
34812891,1903.0,1899.6,1901.0
34814890,1890.0,1891.0,1897.7
34816891,1903.0,1891.4,1899.3
34818890,1953.0,1912.6,1915.4
34820891,1901.0,1910.0,1911.1
34822890,1898.0,1909.0,1907.2
34824891,1883.0,1907.6,1899.9
34826890,1959.0,1918.8,1917.6
34828891,1887.0,1905.6,1908.4
34830890,1867.0,1898.8,1896.0
34832891,1902.0,1899.6,1897.8
34834890,1904.0,1903.8,1899.7
34836891,1905.0,1893.0,1901.3
34838890,1907.0,1897.0,1903.0
34840891,1894.0,1902.4,1900.3
34842890,1921.0,1906.2,1906.5
34844891,1936.0,1912.6,1915.4
34846890,1931.0,1917.8,1920.0
34848891,1904.0,1917.2,1915.2
34850890,1966.0,1931.6,1930.5
34852891,1893.0,1926.0,1919.2
34854890,1903.0,1919.4,1914.4
34856891,1899.0,1913.0,1909.7
34858890,1897.0,1911.6,1905.9
34860891,1907.0,1899.8,1906.2
34862890,1903.0,1901.8,1905.3
34864891,1888.0,1898.8,1900.1
34866890,1906.0,1900.2,1901.9
34868891,1901.0,1901.0,1901.6
34870890,1901.0,1899.8,1901.4
34872891,1901.0,1899.4,1901.3
34874890,1914.0,1904.6,1905.1
34876891,1905.0,1904.4,1905.1
34878890,1936.0,1911.4,1914.4
34880891,1927.0,1916.6,1918.1
34882890,1904.0,1917.2,1913.9
34884891,1903.0,1915.0,1910.6
34886890,1903.0,1914.6,1908.3
34888891,1899.0,1907.2,1905.5
34890890,1899.0,1901.6,1903.6
34892891,1904.0,1901.6,1903.7
34894890,1885.0,1898.0,1898.1
34896891,1916.0,1900.6,1903.5
34898890,1904.0,1901.6,1903.6
34900891,1905.0,1902.8,1904.0
34902891,1905.0,1903.0,1904.3
34904891,1908.0,1907.6,1905.4
34906890,1902.0,1904.8,1904.4
34908891,1911.0,1906.2,1906.4
34910890,1904.0,1906.0,1905.7
34912891,1857.0,1896.4,1891.1
34914890,1904.0,1895.6,1894.9
34916891,1875.0,1890.2,1889.0
34918890,1922.0,1892.4,1898.9
34920891,1893.0,1890.2,1897.1
34922890,1909.0,1900.6,1900.7
34924891,1897.0,1899.2,1899.6
34926890,1907.0,1905.6,1901.8
34928891,1899.0,1901.0,1901.0
34930891,1891.0,1900.6,1898.0
34932892,1879.0,1894.6,1892.3
34934890,1904.0,1896.0,1895.8
34936891,1898.0,1894.2,1896.5
34938890,1891.0,1892.6,1894.8
34940891,1902.0,1894.8,1897.0
34942890,1894.0,1897.8,1896.1
34944891,1899.0,1896.8,1897.0
34946890,1898.0,1896.8,1897.3
34948891,1919.0,1902.4,1903.8
34950890,1897.0,1901.4,1901.8
34952891,1899.0,1902.4,1900.9
34954890,1903.0,1903.2,1901.5
34956891,1901.0,1903.8,1901.4
34958891,1885.0,1897.0,1896.5
34960891,1902.0,1898.0,1898.1
34962890,1911.0,1900.4,1902.0
34964891,1891.0,1898.0,1898.7
34966890,1902.0,1898.2,1899.7
34968891,1889.0,1899.0,1896.5
34970890,1900.0,1898.6,1897.5
34972891,1910.0,1898.4,1901.3
34974890,1899.0,1900.0,1900.6
34976891,1895.0,1898.6,1898.9
34978890,1899.0,1900.6,1898.9
34980891,1904.0,1901.4,1900.5
34982890,1923.0,1904.0,1907.2
34984891,1906.0,1905.4,1906.9
34986890,1916.0,1909.6,1909.6
34988891,1914.0,1912.6,1910.9
34990890,1910.0,1913.8,1910.6
34992891,1906.0,1910.4,1909.3
34994890,1925.0,1914.2,1914.0
34996891,1934.0,1917.8,1920.0
34998890,1917.0,1918.4,1919.1
35000891,1915.0,1919.4,1917.9
35002890,1907.0,1919.6,1914.6
35004891,1907.0,1916.0,1912.3
35006890,1908.0,1910.8,1911.0
35008891,1910.0,1909.4,1910.7
35010890,1904.0,1907.2,1908.7
35012891,1907.0,1907.2,1908.2
35014890,1912.0,1908.2,1909.3
35016891,1894.0,1905.4,1904.7
35018890,1907.0,1904.8,1905.4
35020891,1885.0,1901.0,1899.3
35022890,1904.0,1900.4,1900.7
35024891,1903.0,1898.6,1901.4
35026890,1904.0,1900.6,1902.2
35028891,1909.0,1901.0,1904.2
35030890,1895.0,1903.0,1901.5
35032891,1899.0,1902.0,1900.7
35034890,1897.0,1900.8,1899.6
35036891,1894.0,1898.8,1897.9
35038890,1893.0,1895.6,1896.4
35040891,1873.0,1891.2,1889.4
35042890,1895.0,1890.4,1891.1
35044891,1902.0,1891.4,1894.4
35046890,1893.0,1891.2,1894.0
35048891,1877.0,1888.0,1888.9
35050890,1910.0,1895.4,1895.2
35052891,1901.0,1896.6,1896.9
35054890,1901.0,1896.4,1898.2
35056891,1906.0,1899.0,1900.5
35058890,1903.0,1904.2,1901.3
35060891,1903.0,1902.8,1901.8
35062890,1894.0,1901.4,1899.4
35064891,1902.0,1901.6,1900.2
35066890,1895.0,1899.4,1898.6
35068891,1898.0,1898.4,1898.5
35070890,1892.0,1896.2,1896.5
35072891,1902.0,1897.8,1898.2
35074890,1902.0,1897.8,1899.3
35076891,1906.0,1900.0,1901.3
35078890,1904.0,1901.2,1902.1
35080891,1905.0,1903.8,1903.0
35082890,1919.0,1907.2,1907.8
35084891,1903.0,1907.4,1906.4
35086890,1911.0,1908.4,1907.7
35088891,1902.0,1908.0,1906.0
35090890,1903.0,1907.6,1905.1
35092891,1911.0,1906.0,1906.9
35094890,1914.0,1908.2,1909.0
35096891,1913.0,1908.6,1910.2
35098890,1922.0,1912.6,1913.7
35100891,1906.0,1913.2,1911.4
35102890,1931.0,1917.2,1917.3
35104891,1909.0,1916.2,1914.8
35106890,1898.0,1913.2,1909.8
35108891,1904.0,1909.6,1908.0
35110890,1910.0,1910.4,1908.6
35112891,1909.0,1906.0,1908.7
35114890,1901.0,1904.4,1906.4
35116891,1899.0,1904.6,1904.2
35118890,1904.0,1904.6,1904.1
35120891,1891.0,1900.8,1900.2
35122890,1903.0,1899.6,1901.0
35124891,1895.0,1898.4,1899.2
35126890,1902.0,1899.0,1900.1
35128891,1903.0,1898.8,1900.9
35130890,1891.0,1898.8,1898.0
35132891,1904.0,1899.0,1899.8
35134890,1894.0,1898.8,1898.0
35136891,1915.0,1901.4,1903.1
35138890,1903.0,1901.4,1903.1
35140891,1901.0,1903.4,1902.5
35142890,1899.0,1902.4,1901.4
35144891,1906.0,1904.8,1902.8
35146890,1900.0,1901.8,1902.0
35148891,1897.0,1900.6,1900.5
35150890,1900.0,1900.4,1900.3
35152891,1904.0,1901.4,1901.4
35154890,1898.0,1899.8,1900.4
35156891,1899.0,1899.6,1900.0
35158890,1901.0,1900.4,1900.3
35160891,1904.0,1901.2,1901.4
35162890,1901.0,1900.6,1901.3
35164891,1900.0,1901.0,1900.9
35166890,1881.0,1897.4,1894.9
35168891,1902.0,1897.6,1897.0
35170890,1883.0,1893.4,1892.8
35172891,1899.0,1893.0,1894.7
35174890,1878.0,1888.6,1889.7
35176892,1899.0,1892.2,1892.5
35178890,1904.0,1892.6,1895.9
35180891,1891.0,1894.2,1894.5
35182890,1899.0,1894.2,1895.8
35184891,1913.0,1901.2,1901.0
35186890,1905.0,1902.4,1902.2
35188891,1911.0,1903.8,1904.8
35190890,1919.0,1909.4,1909.1
35192891,1917.0,1913.0,1911.5
35194890,1918.0,1914.0,1913.4
35196891,1909.0,1914.8,1912.1
35198890,1909.0,1914.4,1911.2
35200891,1905.0,1911.6,1909.3
35202890,1917.0,1911.6,1911.6
35204891,1899.0,1907.8,1907.8
35206890,1904.0,1906.8,1906.7
35208891,1903.0,1905.6,1905.6
35210890,1908.0,1906.2,1906.3
35212891,1897.0,1902.2,1903.5
35214890,1906.0,1903.6,1904.3
35216891,1897.0,1902.2,1902.1
35218890,1899.0,1901.4,1901.2
35220891,1902.0,1900.2,1901.4
35222891,1900.0,1900.8,1901.0
35224891,1903.0,1900.2,1901.6
35226890,1893.0,1899.4,1899.0
35228891,1899.0,1899.4,1899.0
35230890,1898.0,1898.6,1898.7
35232891,1894.0,1897.4,1897.3
35234890,1901.0,1897.0,1898.4
35236891,1909.0,1900.2,1901.6
35238890,1903.0,1901.0,1902.0
35240892,1898.0,1901.0,1900.8
35242890,1891.0,1900.4,1897.9
35244891,1904.0,1901.0,1899.7
35246890,1895.0,1898.2,1898.3
35248891,1904.0,1898.4,1900.0
35250890,1894.0,1897.6,1898.2
35252891,1911.0,1901.6,1902.0
35254891,1879.0,1896.6,1895.1
35256891,1887.0,1895.0,1892.7
35258890,1908.0,1895.8,1897.3
35260891,1904.0,1897.8,1899.3
35262890,1895.0,1894.6,1898.0
35264891,1899.0,1898.6,1898.3
35266890,1903.0,1901.8,1899.7
35268891,1879.0,1896.0,1893.5
35270890,1897.0,1894.6,1894.6
35272891,1920.0,1899.6,1902.2
35274890,1909.0,1901.6,1904.2
35276891,1904.0,1901.8,1904.2
35278890,1898.0,1905.6,1902.3
35280891,1902.0,1906.6,1902.2
35282890,1906.0,1903.8,1903.4
35284891,1910.0,1904.0,1905.3
35286890,1898.0,1902.8,1903.1
35288891,1904.0,1904.0,1903.4
35290890,1905.0,1904.6,1903.9
35292891,1905.0,1904.4,1904.2
35294890,1910.0,1904.4,1906.0
35296891,1907.0,1906.2,1906.3
35298890,1918.0,1909.0,1909.8
35300891,1906.0,1909.2,1908.7
35302890,1919.0,1912.0,1911.8
35304891,1907.0,1911.4,1910.3
35306890,1901.0,1910.2,1907.5
35308891,1904.0,1907.4,1906.5
35310890,1904.0,1907.0,1905.7
35312891,1911.0,1905.4,1907.3
35314890,1896.0,1903.2,1903.9
35316891,1901.0,1903.2,1903.0
35318890,1897.0,1901.8,1901.2
35320891,1901.0,1901.2,1901.2
35322890,1898.0,1898.6,1900.2
35324892,1893.0,1898.0,1898.0
35326890,1904.0,1898.6,1899.8
35328891,1904.0,1900.0,1901.1
35330890,1897.0,1899.2,1899.9
35332891,1904.0,1900.4,1901.1
35334890,1897.0,1901.2,1899.9
35336891,1895.0,1899.4,1898.4
35338890,1903.0,1899.2,1899.8
35340891,1894.0,1898.6,1898.1
35342890,1904.0,1898.6,1899.8
35344891,1903.0,1899.8,1900.8
35346890,1898.0,1900.4,1899.9
35348891,1900.0,1899.8,1900.0
35350891,1886.0,1898.2,1895.8
35352891,1898.0,1897.0,1896.4
35354890,1904.0,1897.2,1898.7
35356891,1891.0,1895.8,1896.4
35358890,1899.0,1895.6,1897.2
35360891,1893.0,1897.0,1895.9
35362891,1899.0,1897.2,1896.8
35364891,1895.0,1895.4,1896.3
35366890,1901.0,1897.4,1897.7
35368891,1902.0,1898.0,1899.0
35370890,1901.0,1899.6,1899.6
35372891,1899.0,1899.6,1899.4
35374890,1897.0,1900.0,1898.7
35376891,1902.0,1900.2,1899.7
35378890,1898.0,1899.4,1899.2
35380891,1904.0,1900.0,1900.6
35382890,1904.0,1901.0,1901.6
35384892,1915.0,1904.6,1905.6
35386890,1805.0,1885.2,1875.5
35388891,1909.0,1887.4,1885.5
35390890,1910.0,1888.6,1892.9
35392891,1917.0,1891.2,1900.1
35394890,1904.0,1889.0,1901.3
35396891,1911.0,1910.2,1904.2
35398890,1904.0,1909.2,1904.1
35400891,1915.0,1910.2,1907.4
35402890,1904.0,1907.6,1906.4
35404891,1910.0,1908.8,1907.5
35406890,1913.0,1909.2,1909.1
35408891,1906.0,1909.6,1908.2
35410890,1905.0,1907.6,1907.2
35412891,1911.0,1909.0,1908.4
35414890,1904.0,1907.8,1907.1
35416892,1902.0,1905.6,1905.5
35418891,1894.0,1903.2,1902.1
35420891,1904.0,1903.0,1902.7
35422890,1899.0,1900.6,1901.6
35424891,1902.0,1900.2,1901.7
35426890,1892.0,1898.2,1898.8
35428891,1899.0,1899.2,1898.8
35430890,1907.0,1899.8,1901.3
35432891,1904.0,1900.8,1902.1
35434891,1890.0,1898.4,1898.5
35436891,1903.0,1900.6,1899.8
35438890,1933.0,1907.4,1909.8
35440891,1904.0,1906.8,1908.0
35442890,1899.0,1905.8,1905.3
35444891,1901.0,1908.0,1904.0
35446890,1895.0,1906.4,1901.3
35448891,1895.0,1898.8,1899.4
35450890,1901.0,1898.2,1899.9
35452891,1895.0,1897.4,1898.4
35454890,1926.0,1902.4,1906.7
35456891,1893.0,1902.0,1902.6
35458890,1901.0,1903.2,1902.1
35460891,1904.0,1903.8,1902.7
35462891,1895.0,1903.8,1900.4
35464891,1890.0,1896.6,1897.3
35466890,1931.0,1904.2,1907.4
35468891,1904.0,1904.8,1906.4
35470890,1904.0,1904.8,1905.7
35472891,1814.0,1888.6,1878.2
35474890,1915.0,1893.6,1889.2
35476891,1899.0,1887.2,1892.1
35478890,1910.0,1888.4,1897.5
35480891,1901.0,1887.8,1898.6
35482890,1899.0,1904.8,1898.7
35484891,1901.0,1902.0,1899.4
35486890,1907.0,1903.6,1901.7
35488891,1911.0,1903.8,1904.5
35490890,1919.0,1907.4,1908.8
35492891,1781.0,1883.8,1870.5
35494890,1918.0,1887.2,1884.7
35496891,1907.0,1887.2,1891.4
35498890,1936.0,1892.2,1904.8
35500891,1905.0,1889.4,1904.9
35502890,1915.0,1916.2,1907.9
35504891,1873.0,1907.2,1897.4
35506890,1904.0,1906.6,1899.4
35508891,1904.0,1900.2,1900.8
35510890,1915.0,1902.2,1905.0
35512891,1899.0,1899.0,1903.2
35514890,1919.0,1908.2,1908.0
35516891,1903.0,1908.0,1906.5
35518890,1900.0,1907.2,1904.5
35520891,1903.0,1904.8,1904.1
35522890,1866.0,1898.2,1892.7
35524891,1875.0,1889.4,1887.4
35526890,1904.0,1889.6,1892.3
35528891,1905.0,1890.6,1896.1
35530891,1921.0,1894.2,1903.6
35532891,1859.0,1892.8,1890.2
35534890,1898.0,1897.4,1892.6
35536891,1886.0,1893.8,1890.6
35538890,1905.0,1893.8,1894.9
35540891,1919.0,1893.4,1902.1
35542890,1896.0,1900.8,1900.3
35544891,1846.0,1890.4,1884.0
35546891,1891.0,1891.4,1886.1
35548891,1910.0,1892.4,1893.3
35550890,1891.0,1886.8,1892.6
35552891,1891.0,1885.8,1892.1
35554890,1937.0,1904.0,1905.6
35556891,1904.0,1906.6,1905.1
35558890,1887.0,1902.0,1899.7
35560891,1873.0,1898.4,1891.7
35562890,1876.0,1895.4,1887.0
35564891,1899.0,1887.8,1890.6
35566890,1887.0,1884.4,1889.5
35568891,1897.0,1886.4,1891.8
35570890,1903.0,1892.4,1895.1
35572891,1982.0,1913.6,1921.2
35574890,1874.0,1908.6,1907.0
35576891,1904.0,1912.0,1906.1
35578890,1903.0,1913.2,1905.2
35580891,1904.0,1913.4,1904.8
35582890,1899.0,1896.8,1903.1
35584891,1911.0,1904.2,1905.5
35586890,1906.0,1904.6,1905.6
35588891,1921.0,1908.2,1910.2
35590890,1905.0,1908.4,1908.7
35592891,1901.0,1908.8,1906.4
35594890,1907.0,1908.0,1906.6
35596891,1910.0,1908.8,1907.6
35598891,1916.0,1907.8,1910.1
35600891,1907.0,1908.2,1909.2
35602890,1933.0,1914.6,1916.3
35604891,1903.0,1913.8,1912.3
35606890,1900.0,1911.8,1908.6
35608891,1911.0,1910.8,1909.3
35610890,1904.0,1910.2,1907.7
35612891,1898.0,1903.2,1904.8
35614890,1904.0,1903.4,1904.6
35616891,1878.0,1899.0,1896.6
35618890,1912.0,1899.2,1901.2
35620891,1897.0,1897.8,1900.0
35622890,1879.0,1894.0,1893.7
35624892,1890.0,1891.2,1892.6
35626890,1855.0,1886.6,1881.3
35628891,1920.0,1888.2,1892.9
35630890,1929.0,1894.6,1903.7
35632891,1898.0,1898.4,1902.0
35634890,1904.0,1901.2,1902.6
35636891,1893.0,1908.8,1899.7
35638890,1853.0,1895.4,1885.7
35640891,1901.0,1889.8,1890.3
35642890,1936.0,1897.4,1904.0
35644891,1909.0,1898.4,1905.5
35646890,1931.0,1906.0,1913.2
35648891,1894.0,1914.2,1907.4
35650890,1903.0,1914.6,1906.1
35652891,1915.0,1910.4,1908.8
35654890,1968.0,1922.2,1926.5
35656891,1841.0,1904.2,1900.9
35658890,1900.0,1905.4,1900.6
35660891,1902.0,1905.2,1901.0
35662890,1926.0,1907.4,1908.5
35664891,1901.0,1894.0,1906.3
35666890,1900.0,1905.8,1904.4
35668891,1895.0,1904.8,1901.6
35670890,1926.0,1909.6,1908.9
35672891,1845.0,1893.4,1889.7
35674890,1875.0,1888.2,1885.3
35676891,1904.0,1889.0,1890.9
35678890,1914.0,1892.8,1897.8
35680891,1923.0,1892.2,1905.4
35682890,1890.0,1901.2,1900.8
35684891,1874.0,1901.0,1892.7
35686890,1925.0,1905.2,1902.4
35688891,1895.0,1901.4,1900.2
35690890,1921.0,1901.0,1906.4
35692891,1926.0,1908.2,1912.3
35694890,1842.0,1901.8,1891.2
35696891,1911.0,1899.0,1897.1
35698890,1911.0,1902.2,1901.3
35700891,1921.0,1902.2,1907.2
35702890,1918.0,1900.6,1910.4
35704891,1916.0,1915.4,1912.1
35706890,1923.0,1917.8,1915.4
35708891,1907.0,1917.0,1912.9
35710890,1906.0,1914.0,1910.8
35712891,1916.0,1913.6,1912.4
35714890,1902.0,1910.8,1909.3
35716891,1890.0,1904.2,1903.5
35718890,1889.0,1900.6,1899.1
35720891,1900.0,1899.4,1899.4
35722890,1863.0,1888.8,1888.5
35724891,1898.0,1888.0,1891.3
35726890,1904.0,1890.8,1895.1
35728891,1904.0,1893.8,1897.8
35730890,1904.0,1894.6,1899.7
35732892,1919.0,1905.8,1905.5
35734890,1899.0,1906.0,1903.5
35736891,1906.0,1906.4,1904.3
35738890,1895.0,1904.6,1901.5
35740891,1904.0,1904.6,1902.2
35742890,1894.0,1899.6,1899.8
35744891,1882.0,1896.2,1894.4
35746890,1885.0,1892.0,1891.6
35748891,1890.0,1891.0,1891.1
35750890,1904.0,1891.0,1895.0
35752891,1900.0,1892.2,1896.5
35754890,1901.0,1896.0,1897.8
35756891,1897.0,1898.4,1897.6
35758890,1895.0,1899.4,1896.8
35760891,1922.0,1903.0,1904.4
35762890,1904.0,1903.8,1904.3
35764891,1904.0,1904.4,1904.2
35766890,1887.0,1902.4,1899.0
35768891,1895.0,1902.4,1897.8
35770890,1904.0,1898.8,1899.7
35772891,1888.0,1895.6,1896.2
35774890,1904.0,1895.6,1898.5
35776891,1897.0,1897.6,1898.1
35778890,1904.0,1899.4,1899.8
35780891,1895.0,1897.6,1898.4
35782890,1890.0,1898.0,1895.9
35784891,1904.0,1898.0,1898.3
35786890,1904.0,1899.4,1900.0
35788892,1906.0,1899.8,1901.8
35790890,1955.0,1911.8,1917.8
35792891,1905.0,1914.8,1913.9
35794890,1906.0,1915.2,1911.6
35796891,1907.0,1915.8,1910.2
35798890,1907.0,1916.0,1909.2
35800891,1913.0,1907.6,1910.4
35802890,1906.0,1907.8,1909.1
35804891,1930.0,1912.6,1915.3
35806890,1907.0,1912.6,1912.8
35808891,1912.0,1913.6,1912.6
35810890,1914.0,1913.8,1913.0
35812891,1902.0,1913.0,1909.7
35814890,1897.0,1906.4,1905.9
35816891,1904.0,1905.8,1905.3
35818890,1904.0,1904.2,1904.9
35820891,1893.0,1900.0,1901.3
35822890,1874.0,1894.4,1893.1
35824891,1897.0,1894.4,1894.3
35826890,1893.0,1892.2,1893.9
35828891,1901.0,1891.6,1896.0
35830890,1887.0,1890.4,1893.3
35832891,1893.0,1894.2,1893.2
35834890,1913.0,1897.4,1899.2
35836891,1899.0,1898.6,1899.1
35838891,1904.0,1899.2,1900.6
35840891,1903.0,1902.4,1901.3
35842890,1899.0,1903.6,1900.6
35844891,1898.0,1900.6,1899.8
35846890,1898.0,1900.4,1899.3
35848891,1899.0,1899.4,1899.2
35850890,1901.0,1899.0,1899.7
35852891,1903.0,1899.8,1900.7
35854890,1903.0,1900.8,1901.4
35856891,1904.0,1902.0,1902.2
35858890,1902.0,1902.6,1902.1
35860891,1900.0,1902.4,1901.5
35862890,1904.0,1902.6,1902.2
35864891,1893.0,1900.6,1899.5
35866890,1902.0,1900.2,1900.2
35868892,1905.0,1900.8,1901.7
35870890,1893.0,1899.4,1899.1
35872891,1882.0,1895.0,1893.9
35874890,1898.0,1896.0,1895.2
35876891,1906.0,1896.8,1898.4
35878890,1904.0,1896.6,1900.1
35880891,1896.0,1897.2,1898.9
35882890,1905.0,1901.8,1900.7
35884891,1887.0,1899.6,1896.6
35886890,1921.0,1902.6,1903.9
35888891,1902.0,1902.2,1903.3
35890890,1901.0,1903.2,1902.6
35892891,1899.0,1902.0,1901.5
35894890,1889.0,1902.4,1897.8
35896891,1922.0,1902.6,1905.0
35898890,1936.0,1909.4,1914.3
35900891,1917.0,1912.6,1915.1
35902890,1920.0,1916.8,1916.6
35904891,1904.0,1919.8,1912.8
35906890,1906.0,1916.6,1910.8
35908891,1911.0,1911.6,1910.8
35910890,1902.0,1908.6,1908.2
35912891,1918.0,1908.2,1911.1
35914890,1876.0,1902.6,1900.6
35916891,1897.0,1900.8,1899.5
35918890,1897.0,1898.0,1898.8
35920891,1905.0,1898.6,1900.6
35922890,1891.0,1893.2,1897.7
35924891,1885.0,1895.0,1893.9
35926890,1904.0,1896.4,1896.9
35928891,1872.0,1891.4,1889.5
35930890,1902.0,1890.8,1893.2
35932891,1898.0,1892.2,1894.7
35934890,1889.0,1893.0,1893.0
35936891,1899.0,1892.0,1894.8
35938890,1904.0,1898.4,1897.5
35940891,1904.0,1898.8,1899.5
35942890,1903.0,1899.8,1900.5
35944891,1898.0,1901.6,1899.8
35946890,1893.0,1900.4,1897.7
35948891,1890.0,1897.6,1895.4
35950890,1903.0,1897.4,1897.7
35952891,1904.0,1897.6,1899.6
35954890,1888.0,1895.6,1896.1
35956891,1878.0,1892.6,1890.7
35958890,1898.0,1894.2,1892.9
35960891,1913.0,1896.2,1898.9
35962890,1905.0,1896.4,1900.7
35964891,1885.0,1895.8,1896.0
35966890,1905.0,1901.2,1898.7
35968891,1902.0,1902.0,1899.7
35970890,1930.0,1905.4,1908.8
35972891,1898.0,1904.0,1905.6
35974890,1893.0,1905.6,1901.8
35976891,1906.0,1905.8,1903.1
35978890,1868.0,1899.0,1892.5
35980891,1898.0,1892.6,1894.2
35982890,1904.0,1893.8,1897.1
35984891,1907.0,1896.6,1900.1
35986890,1901.0,1895.6,1900.4
35988891,1897.0,1901.4,1899.4
35990890,1907.0,1903.2,1901.6
35992891,1909.0,1904.2,1903.9
35994890,1907.0,1904.2,1904.8
35996891,1904.0,1904.8,1904.6
35998890,1894.0,1904.2,1901.4
36000891,1917.0,1906.2,1906.1
36002890,1920.0,1908.4,1910.3
36004891,1901.0,1907.2,1907.5
36006890,1916.0,1909.6,1910.0
36008891,1901.0,1911.0,1907.3
36010890,1902.0,1908.0,1905.7
36012891,1905.0,1905.0,1905.5
36014890,1893.0,1903.4,1901.8
36016891,1902.0,1900.6,1901.8
36018890,1904.0,1901.2,1902.5
36020891,1905.0,1901.8,1903.2
36022890,1911.0,1903.0,1905.6
36024891,1904.0,1905.2,1905.1
36026890,1893.0,1903.4,1901.5
36028891,1904.0,1903.4,1902.2
36030890,1909.0,1904.2,1904.3
36032891,1904.0,1902.8,1904.2
36034890,1904.0,1902.8,1904.1
36036891,1886.0,1901.4,1898.7
36038890,1904.0,1901.4,1900.3
36040891,1897.0,1899.0,1899.3
36042890,1901.0,1898.4,1899.8
36044891,1899.0,1897.4,1899.6
36046890,1904.0,1901.0,1900.9
36048891,1914.0,1903.0,1904.8
36050890,1903.0,1904.2,1904.3
36052891,1883.0,1900.6,1897.9
36054890,1900.0,1900.8,1898.5
36056891,1893.0,1898.6,1896.9
36058890,1882.0,1892.2,1892.4
36060891,1905.0,1892.6,1896.2
36062891,1904.0,1896.8,1898.5
36064891,1897.0,1896.2,1898.1
36066890,1898.0,1897.2,1898.0
36068892,1887.0,1898.2,1894.7
36070890,1881.0,1893.4,1890.6
36072891,1903.0,1893.2,1894.3
36074890,1902.0,1894.2,1896.6
36076892,1899.0,1894.4,1897.3
36078890,1904.0,1897.8,1899.3
36080891,1903.0,1902.2,1900.4
36082890,1905.0,1902.6,1901.8
36084891,1920.0,1906.2,1907.3
36086890,1913.0,1909.0,1909.0
36088891,1902.0,1908.6,1906.9
36090890,1907.0,1909.4,1906.9
36092891,1909.0,1910.2,1907.5
36094890,1904.0,1907.0,1906.5
36096891,1916.0,1907.6,1909.3
36098890,1917.0,1910.6,1911.6
36100891,1909.0,1911.0,1910.8
36102890,1905.0,1910.2,1909.1
36104891,1920.0,1913.4,1912.4
36106890,1909.0,1912.0,1911.4
36108891,1922.0,1913.0,1914.5
36110890,1935.0,1918.2,1920.7
36112891,1911.0,1919.4,1917.8
36114890,1901.0,1915.6,1912.7
36116891,1904.0,1914.6,1910.1
36118890,1905.0,1911.2,1908.6
36120891,1910.0,1906.2,1909.0
36122890,1921.0,1908.2,1912.6
36124891,1906.0,1909.2,1910.6
36126890,1903.0,1909.0,1908.3
36128891,1899.0,1907.8,1905.5
36130890,1891.0,1904.0,1901.2
36132891,1895.0,1898.8,1899.3
36134890,1893.0,1896.2,1897.4
36136891,1899.0,1895.4,1897.9
36138890,1903.0,1896.2,1899.4
36140891,1890.0,1896.0,1896.6
36142890,1903.0,1897.6,1898.5
36144891,1904.0,1899.8,1900.2
36146890,1897.0,1899.4,1899.2
36148891,1911.0,1901.0,1902.8
36150890,1973.0,1917.6,1923.8
36152891,1894.0,1915.8,1914.9
36154890,1904.0,1915.8,1911.6
36156891,1903.0,1917.0,1909.0
36158890,1883.0,1911.4,1901.2
36160891,1885.0,1893.8,1896.4
36162890,1904.0,1895.8,1898.6
36164891,1904.0,1895.8,1900.3
36166890,1894.0,1894.0,1898.4
36168891,1887.0,1894.8,1895.0
36170890,1893.0,1896.4,1894.4
36172891,1897.0,1895.0,1895.2
36174890,1900.0,1894.2,1896.6
36176891,1898.0,1895.0,1897.0
36178890,1918.0,1901.2,1903.3
36180891,1908.0,1904.2,1904.7
36182890,1908.0,1906.4,1905.7
36184891,1903.0,1907.0,1904.9
36186890,1899.0,1907.2,1903.1
36188891,1904.0,1904.4,1903.4
36190890,1915.0,1905.8,1906.9
36192891,1923.0,1908.8,1911.7
36194890,1912.0,1910.6,1911.8
36196891,1911.0,1913.0,1911.6
36198890,1910.0,1914.2,1911.1
36200891,1911.0,1913.4,1911.1
36202890,1909.0,1910.6,1910.4
36204891,1914.0,1911.0,1911.5
36206890,1915.0,1911.8,1912.6
36208892,1909.0,1911.6,1911.5
36210890,1910.0,1911.4,1911.0
36212891,1903.0,1910.2,1908.6
36214890,1904.0,1908.2,1907.2
36216891,1904.0,1906.0,1906.3
36218890,1902.0,1904.6,1905.0
36220892,1903.0,1903.2,1904.4
36222890,1897.0,1902.0,1902.2
36224891,1897.0,1900.6,1900.6
36226890,1904.0,1900.6,1901.6
36228891,1887.0,1897.6,1897.2
36230890,1902.0,1897.4,1898.7
36232891,1904.0,1898.8,1900.3
36234890,1910.0,1901.4,1903.2
36236891,1898.0,1900.2,1901.6
36238890,1899.0,1902.6,1900.8
36240891,1894.0,1901.0,1898.8
36242890,1903.0,1900.8,1900.1
36244891,1895.0,1897.8,1898.5
36246891,1915.0,1901.2,1903.5
36248891,1889.0,1899.2,1899.1
36250890,1902.0,1900.8,1900.0
36252891,1872.0,1894.6,1891.6
36254890,1893.0,1894.2,1892.0
36256891,1899.0,1891.0,1894.1
36258890,1900.0,1893.2,1895.9
36260891,1895.0,1891.8,1895.6
36262890,1899.0,1897.2,1896.6
36264891,1895.0,1897.6,1896.1
36266890,1901.0,1898.0,1897.6
36268891,1900.0,1898.0,1898.3
36270890,1900.0,1899.0,1898.8
36272891,1902.0,1899.6,1899.8
36274890,1899.0,1900.4,1899.5
36276891,1895.0,1899.2,1898.2
36278890,1936.0,1906.4,1909.5
36280891,1899.0,1906.2,1906.4
36282890,1904.0,1906.6,1905.7
36284891,1904.0,1907.6,1905.2
36286890,1907.0,1910.0,1905.7
36288891,1799.0,1882.6,1873.7
36290890,1904.0,1883.6,1882.8
36292891,1907.0,1884.2,1890.1
36294890,1911.0,1885.6,1896.3
36296891,1931.0,1890.4,1906.7
36298890,1901.0,1910.8,1905.0
36300891,1904.0,1910.8,1904.7
36302890,1910.0,1911.4,1906.3
36304891,1904.0,1910.0,1905.6
36306890,1904.0,1904.6,1905.1
36308891,1907.0,1905.8,1905.7
36310890,1923.0,1909.6,1910.9
36312891,1898.0,1907.2,1907.0
36314891,1907.0,1907.8,1907.0
36316891,1901.0,1907.2,1905.2
36318891,1903.0,1906.4,1904.5
36320891,1905.0,1902.8,1904.7
36322890,1903.0,1903.8,1904.2
36324891,1830.0,1888.4,1881.9
36326890,1893.0,1886.8,1885.2
36328891,1885.0,1883.2,1885.2
36330890,1861.0,1874.4,1877.9
36332891,1898.0,1873.4,1883.9
36334890,1889.0,1885.2,1885.5
36336891,1890.0,1884.6,1886.8
36338890,1887.0,1885.0,1886.9
36340891,1901.0,1893.0,1891.1
36342890,1891.0,1891.6,1891.1
36344891,1894.0,1892.6,1892.0
36346891,1904.0,1895.4,1895.6
36348891,1910.0,1900.0,1899.9
36350890,1904.0,1900.6,1901.1
36352891,1846.0,1891.6,1884.6
36354890,1890.0,1890.8,1886.2
36356891,1940.0,1898.0,1902.3
36358890,1898.0,1895.6,1901.0
36360892,1897.0,1894.2,1899.8
36362890,1902.0,1905.4,1900.5
36364891,1891.0,1905.6,1897.6
36366890,1890.0,1895.6,1895.3
36368891,1931.0,1902.2,1906.0
36370890,1893.0,1901.4,1902.1
36372892,1894.0,1899.8,1899.7
36374890,1893.0,1900.2,1897.7
36376891,1901.0,1902.4,1898.7
36378890,1904.0,1897.0,1900.3
36380891,1886.0,1895.6,1896.0
36382890,1890.0,1894.8,1894.2
36384891,1905.0,1897.2,1897.4
36386890,1898.0,1896.6,1897.6
36388891,1910.0,1897.8,1901.3
36390890,1901.0,1900.8,1901.2
36392891,1895.0,1901.8,1899.4
36394890,1935.0,1907.8,1910.1
36396891,1877.0,1903.6,1900.1
36398890,1907.0,1903.0,1902.2
36400891,1915.0,1905.8,1906.0
36402890,1904.0,1907.6,1905.4
36404891,1910.0,1902.6,1906.8
36406890,1907.0,1908.6,1906.9
36408891,1863.0,1899.8,1893.7
36410890,1918.0,1900.4,1901.0
36412891,1897.0,1899.0,1899.8
36414890,1901.0,1897.2,1900.2
36416891,1904.0,1896.6,1901.3
36418890,1897.0,1903.4,1900.0
36420891,1881.0,1896.0,1894.3
36422890,1904.0,1897.4,1897.2
36424891,1865.0,1890.2,1887.6
36426890,1873.0,1884.0,1883.2
36428891,1915.0,1887.6,1892.7
36430890,1867.0,1884.8,1885.0
36432892,1921.0,1888.2,1895.8
36434890,1898.0,1894.8,1896.5
36436891,1886.0,1897.4,1893.3
36438890,1883.0,1891.0,1890.2
36440891,1946.0,1906.8,1907.0
36442890,1901.0,1902.8,1905.2
36444891,1887.0,1900.6,1899.7
36446890,1897.0,1902.8,1898.9
36448891,1895.0,1905.2,1897.7
36450890,1938.0,1903.6,1909.8
36452891,1872.0,1897.8,1898.5
36454890,1894.0,1899.2,1897.1
36456891,1929.0,1905.6,1906.7
36458890,1901.0,1906.8,1905.0
36460891,1911.0,1901.4,1906.8
36462890,1883.0,1903.6,1899.7
36464891,1921.0,1909.0,1906.1
36466890,1898.0,1902.8,1903.6
36468891,1890.0,1900.6,1899.5
36470890,1921.0,1902.6,1906.0
36472891,1894.0,1904.8,1902.4
36474890,1881.0,1896.8,1896.0
36476891,1899.0,1897.0,1896.9
36478890,1903.0,1899.6,1898.7
36480891,1923.0,1900.0,1906.0
36482890,1905.0,1902.2,1905.7
36484891,1970.0,1920.0,1925.0
36486890,1903.0,1920.8,1918.4
36488891,1904.0,1921.0,1914.1
36490890,1929.0,1922.2,1918.6
36492891,1907.0,1922.6,1915.1
36494890,1919.0,1912.4,1916.3
36496892,1932.0,1918.2,1921.0
36498890,1911.0,1919.6,1918.0
36500891,1913.0,1916.4,1916.5
36502890,1869.0,1908.8,1902.2
36504891,1984.0,1921.8,1926.8
36506890,1898.0,1915.0,1918.1
36508891,1887.0,1910.2,1908.8
36510890,1927.0,1913.0,1914.3
36512891,1920.0,1923.2,1916.0
36514890,1904.0,1907.2,1912.4
36516891,1887.0,1905.0,1904.8
36518890,1911.0,1909.8,1906.6
36520891,1902.0,1904.8,1905.2
36522890,1942.0,1909.2,1916.3
36524891,1904.0,1909.2,1912.6
36526890,1914.0,1914.6,1913.0
36528891,1901.0,1912.6,1909.4
36530890,1890.0,1910.2,1903.6
36532891,1892.0,1900.2,1900.1
36534890,1892.0,1897.8,1897.7
36536891,1904.0,1895.8,1899.6
36538890,1913.0,1898.2,1903.6
36540891,1904.0,1901.0,1903.7
36542890,1897.0,1902.0,1901.7
36544891,1903.0,1904.2,1902.1
36546890,1913.0,1906.0,1905.4
36548891,1872.0,1897.8,1895.4
36550890,1910.0,1899.0,1899.7
36552891,1906.0,1900.8,1901.6
36554890,1904.0,1901.0,1902.3
36556891,1891.0,1896.6,1898.9
36558890,1955.0,1913.2,1915.8
36560891,1908.0,1912.8,1913.4
36562890,1901.0,1911.8,1909.7
36564891,1902.0,1911.4,1907.4
36566890,1931.0,1919.4,1914.5
36568891,1958.0,1920.0,1927.5
36570890,1893.0,1917.0,1917.2
36572891,1872.0,1911.2,1903.6
36574890,1904.0,1911.6,1903.7
36576891,1904.0,1906.2,1903.8
36578890,1879.0,1890.4,1896.4
36580891,1882.0,1888.2,1892.1
36582890,1898.0,1893.4,1893.8
36584891,1902.0,1893.0,1896.3
36586890,1897.0,1891.6,1896.5
36588891,1913.0,1898.4,1901.5
36590890,1902.0,1902.4,1901.6
36592891,1920.0,1906.8,1907.1
36594890,1904.0,1907.2,1906.2
36596891,1926.0,1913.0,1912.1
36598890,1917.0,1913.8,1913.6
36600891,1915.0,1916.4,1914.0
36602891,1936.0,1919.6,1920.6
36604891,1915.0,1921.8,1918.9
36606890,1904.0,1917.4,1914.4
36608891,1891.0,1912.2,1907.4
36610890,1905.0,1910.2,1906.7
36612891,1893.0,1901.6,1902.6
36614890,1904.0,1899.4,1903.0
36616892,1900.0,1898.6,1902.1
36618890,1906.0,1901.6,1903.3
36620891,1898.0,1900.2,1901.7
36622890,1882.0,1898.0,1895.8
36624891,1936.0,1904.4,1907.8
36626890,1897.0,1903.8,1904.6
36628891,1915.0,1905.6,1907.7
36630890,1898.0,1905.6,1904.8
36632891,1900.0,1909.2,1903.4
36634890,1904.0,1902.8,1903.6
36636891,1895.0,1902.4,1901.0
36638891,1888.0,1897.0,1897.1
36640891,1899.0,1897.2,1897.7
36642890,1904.0,1898.0,1899.6
36644891,1888.0,1894.8,1896.1
36646890,1899.0,1895.6,1897.0
36648891,1904.0,1898.8,1899.1
36650890,1894.0,1897.8,1897.6
36652891,1896.0,1896.2,1897.1
36654891,1892.0,1897.0,1895.6
36656891,1901.0,1897.4,1897.2
36658890,1897.0,1896.0,1897.1
36660891,1904.0,1898.0,1899.2
36662890,1904.0,1899.6,1900.6
36664891,1904.0,1902.0,1901.6
36666890,1892.0,1900.2,1898.8
36668891,1894.0,1899.6,1897.3
36670890,1886.0,1896.0,1893.9
36672891,1900.0,1895.2,1895.7
36674890,1881.0,1890.6,1891.3
36676891,1893.0,1890.8,1891.8
36678890,1899.0,1891.8,1894.0
36680892,1904.0,1895.4,1897.0
36682890,1899.0,1895.2,1897.6
36684891,1901.0,1899.2,1898.6
36686890,1903.0,1901.2,1899.9
36688891,1905.0,1902.4,1901.5
36690890,1914.0,1904.4,1905.2
36692891,1914.0,1907.4,1907.9
36694890,1901.0,1907.4,1905.8
36696891,1909.0,1908.6,1906.8
36698890,1916.0,1910.8,1909.5
36700891,1904.0,1908.8,1907.9
36702890,1905.0,1907.0,1907.0
36704891,1910.0,1908.8,1907.9
36706890,1917.0,1910.4,1910.6
36708891,1904.0,1908.0,1908.6
36710890,1891.0,1905.4,1903.4
36712891,1925.0,1909.4,1909.8
36714890,1897.0,1906.8,1906.0
36716891,1889.0,1901.2,1900.9
36718890,1902.0,1900.8,1901.2
36720892,1879.0,1898.4,1894.6
36722890,1904.0,1894.2,1897.4
36724891,1903.0,1895.4,1899.1
36726890,1898.0,1897.2,1898.8
36728891,1899.0,1896.6,1898.8
36730890,1904.0,1901.6,1900.4
36732891,1892.0,1899.2,1897.9
36734890,1904.0,1899.4,1899.7
36736891,1894.0,1898.6,1898.0
36738890,1889.0,1896.6,1895.3
36740891,1894.0,1894.6,1894.9
36742890,1904.0,1897.0,1897.6
36744891,1900.0,1896.2,1898.3
36746890,1918.0,1901.0,1904.2
36748891,1914.0,1906.0,1907.2
36750890,1907.0,1908.6,1907.1
36752891,1893.0,1906.4,1902.9
36754890,1903.0,1907.0,1902.9
36756891,1902.0,1903.8,1902.6
36758890,1903.0,1901.6,1902.7
36760891,1903.0,1900.8,1902.8
36762890,1926.0,1907.4,1909.8
36764891,1891.0,1905.0,1904.1
36766890,1897.0,1904.0,1902.0
36768891,1904.0,1904.2,1902.6
36770890,1882.0,1900.0,1896.4
36772891,1905.0,1895.8,1899.0
36774890,1919.0,1901.4,1905.0
36776892,1895.0,1901.0,1902.0
36778890,1904.0,1901.0,1902.6
36780891,1904.0,1905.4,1903.0
36782890,1898.0,1904.0,1901.5
36784891,1920.0,1904.2,1907.1
36786890,1903.0,1905.8,1905.8
36788891,1925.0,1910.0,1911.6
36790891,1916.0,1912.4,1912.9
36792891,1906.0,1914.0,1910.8
36794890,1910.0,1912.0,1910.6
36796891,1895.0,1910.4,1905.9
36798890,1911.0,1907.6,1907.4
36800891,1905.0,1905.4,1906.7
36802890,1917.0,1907.6,1909.8
36804891,1917.0,1909.0,1912.0
36806890,1911.0,1912.2,1911.7
36808891,1902.0,1910.4,1908.8
36810890,1920.0,1913.4,1912.1
36812891,1899.0,1909.8,1908.2
36814890,1893.0,1905.0,1903.6
36816891,1893.0,1901.4,1900.4
36818890,1904.0,1901.8,1901.5
36820891,1894.0,1896.6,1899.3
36822890,1898.0,1896.4,1898.9
36824891,1898.0,1897.4,1898.6
36826890,1891.0,1897.0,1896.3
36828891,1895.0,1895.2,1895.9
36830891,1904.0,1897.2,1898.4
36832891,1897.0,1897.0,1897.9
36834890,1897.0,1896.8,1897.7
36836891,1902.0,1899.0,1899.0
36838890,1893.0,1898.6,1897.2
36840891,1906.0,1899.0,1899.8
36842890,1904.0,1900.4,1901.1
36844891,1893.0,1899.6,1898.7
36846890,1915.0,1902.2,1903.6
36848891,1903.0,1904.2,1903.4
36850890,1898.0,1902.6,1901.8
36852891,1888.0,1899.4,1897.6
36854890,1903.0,1901.4,1899.2
36856891,1897.0,1897.8,1898.6
36858890,1910.0,1899.2,1902.0
36860891,1906.0,1900.8,1903.2
36862890,1898.0,1902.8,1901.6
36864892,1905.0,1903.2,1902.6
36866890,1905.0,1904.8,1903.4
36868891,1898.0,1902.4,1901.7
36870890,1899.0,1901.0,1900.9
36872891,1883.0,1898.0,1895.5
36874890,1896.0,1896.2,1895.7
36876891,1917.0,1898.6,1902.1
36878890,1907.0,1900.4,1903.6
36880891,1899.0,1900.4,1902.2
36882890,1904.0,1904.6,1902.7
36884891,1910.0,1907.4,1904.9
36886890,1903.0,1904.6,1904.3
36888892,1904.0,1904.0,1904.2
36890891,1904.0,1905.0,1904.2
36892891,1911.0,1906.4,1906.2
36894890,1967.0,1917.8,1924.5
36896891,1909.0,1919.0,1919.8
36898890,1915.0,1921.2,1918.4
36900891,1908.0,1922.0,1915.3
36902890,1905.0,1920.8,1912.2
36904891,1903.0,1908.0,1909.4
36906890,1908.0,1907.8,1909.0
36908891,1902.0,1905.2,1906.9
36910890,1899.0,1903.4,1904.5
36912891,1904.0,1903.2,1904.4
36914890,1895.0,1901.6,1901.6
36916891,1904.0,1900.8,1902.3
36918890,1897.0,1899.8,1900.7
36920892,1904.0,1900.8,1901.7
36922890,1901.0,1900.2,1901.5
36924891,1898.0,1900.8,1900.4
36926890,1898.0,1899.6,1899.7
36928891,1907.0,1901.6,1901.9
36930890,1897.0,1900.2,1900.4
36932891,1888.0,1897.6,1896.7
36934890,1898.0,1897.6,1897.1
36936891,1900.0,1898.0,1898.0
36938890,1896.0,1895.8,1897.4
36940891,1878.0,1892.0,1891.6
36942890,1909.0,1896.2,1896.8
36944891,1894.0,1895.4,1896.0
36946891,1903.0,1896.0,1898.1
36948891,1891.0,1895.0,1895.9
36950890,1885.0,1896.4,1892.7
36952891,1889.0,1892.4,1891.6
36954891,1904.0,1894.4,1895.3
36956892,1902.0,1894.2,1897.3
36958890,1902.0,1896.4,1898.7
36960891,1888.0,1897.0,1895.5
36962890,1904.0,1900.0,1898.1
36964891,1904.0,1900.0,1899.8
36966890,1909.0,1901.4,1902.6
36968891,1901.0,1901.2,1902.1
36970891,1902.0,1904.0,1902.1
36972891,1902.0,1903.6,1902.1
36974890,1915.0,1905.8,1905.9
36976891,1902.0,1904.4,1904.8
36978890,1905.0,1905.2,1904.8
36980891,1906.0,1906.0,1905.2
36982890,1895.0,1904.6,1902.1
36984891,1895.0,1900.6,1900.0
36986890,1905.0,1901.2,1901.5
36988891,1906.0,1901.4,1902.8
36990890,1911.0,1902.4,1905.3
36992891,1922.0,1907.8,1910.3
36994890,1910.0,1910.8,1910.2
36996891,1910.0,1911.8,1910.1
36998890,1904.0,1911.4,1908.3
37000892,1917.0,1912.6,1910.9
37002890,1890.0,1906.2,1904.6
37004891,1917.0,1907.6,1908.3
37006890,1895.0,1904.6,1904.3
37008891,1907.0,1905.2,1905.1
37010890,1904.0,1902.6,1904.8
37012892,1910.0,1906.6,1906.4
37014890,1903.0,1903.8,1905.4
37016891,1904.0,1905.6,1904.9
37018890,1897.0,1903.6,1902.6
37020891,1879.0,1898.6,1895.5
37022891,1903.0,1897.2,1897.7
37024891,1894.0,1895.4,1896.6
37026890,1906.0,1895.8,1899.4
37028891,1898.0,1896.0,1899.0
37030890,1902.0,1900.6,1899.9
37032891,1894.0,1898.8,1898.1
37034890,1872.0,1894.4,1890.3
37036891,1904.0,1894.0,1894.4
37038890,1904.0,1895.2,1897.3
37040891,1936.0,1902.0,1908.9
37042890,1900.0,1903.2,1906.2
37044891,1902.0,1909.2,1905.0
37046890,1891.0,1906.6,1900.8
37048891,1887.0,1903.2,1896.6
37050890,1899.0,1895.8,1897.3
37052891,1904.0,1896.6,1899.3
37054890,1893.0,1894.8,1897.4
37056891,1899.0,1896.4,1897.9
37058890,1893.0,1897.6,1896.4
37060891,1899.0,1897.6,1897.2
37062890,1904.0,1897.6,1899.2
37064891,1904.0,1899.8,1900.7
37066890,1901.0,1900.2,1900.8
37068891,1872.0,1896.0,1892.1
37070890,1893.0,1894.8,1892.4
37072891,1898.0,1893.6,1894.1
37074890,1905.0,1893.8,1897.4
37076891,1898.0,1893.2,1897.5
37078890,1895.0,1897.8,1896.8
37080891,1906.0,1900.4,1899.5
37082890,1904.0,1901.6,1900.9
37084891,1904.0,1901.4,1901.8
37086890,1915.0,1904.8,1905.8
37088891,1906.0,1907.0,1905.8
37090890,1910.0,1907.8,1907.1
37092891,1907.0,1908.4,1907.1
37094890,1907.0,1909.0,1907.0
37096892,1904.0,1906.8,1906.1
37098890,1911.0,1907.8,1907.6
37100891,1915.0,1908.8,1909.8
37102890,1914.0,1910.2,1911.1
37104891,1907.0,1910.2,1909.8
37106890,1923.0,1914.0,1913.8
37108891,1899.0,1911.6,1909.4
37110890,1899.0,1908.4,1906.2
37112891,1902.0,1906.0,1905.0
37114890,1904.0,1905.4,1904.7
37116891,1906.0,1902.0,1905.1
37118890,1904.0,1903.0,1904.8
37120891,1894.0,1902.0,1901.5
37122890,1898.0,1901.2,1900.5
37124891,1902.0,1900.8,1900.9
37126890,1898.0,1899.2,1900.1
37128891,1893.0,1897.0,1897.9
37130890,1894.0,1897.0,1896.8
37132891,1904.0,1898.2,1898.9
37134890,1897.0,1897.2,1898.3
37136891,1891.0,1895.8,1896.1
37138890,1905.0,1898.2,1898.8
37140891,1933.0,1906.0,1909.1
37142890,1895.0,1904.2,1904.8
37144891,1899.0,1904.6,1903.1
37146890,1892.0,1904.8,1899.8
37148891,1901.0,1904.0,1900.1
37150890,1897.0,1896.8,1899.2
37152891,1894.0,1896.6,1897.6
37154891,1893.0,1895.4,1896.2
37156891,1899.0,1896.8,1897.1
37158890,1892.0,1895.0,1895.6
37160891,1894.0,1894.4,1895.1
37162890,1895.0,1894.6,1895.1
37164891,1894.0,1894.8,1894.7
37166890,1841.0,1883.2,1878.6
37168891,1901.0,1885.0,1885.3
37170890,1898.0,1885.8,1889.1
37172891,1899.0,1886.6,1892.1
37174890,1906.0,1889.0,1896.3
37176891,1895.0,1899.8,1895.9
37178890,1901.0,1899.8,1897.4
37180891,1902.0,1900.6,1898.8
37182890,1902.0,1901.2,1899.8
37184891,1894.0,1898.8,1898.0
37186890,1905.0,1900.8,1900.1
37188891,1934.0,1907.4,1910.3
37190890,1904.0,1907.8,1908.4
37192891,1904.0,1908.2,1907.1
37194890,1839.0,1897.2,1886.7
37196891,1917.0,1899.6,1895.8
37198890,1941.0,1901.0,1909.3
37200891,1994.0,1919.0,1934.7
37202890,1909.0,1920.0,1927.0
37204891,1892.0,1930.6,1916.5
37206890,1919.0,1931.0,1917.3
37208891,1943.0,1931.4,1925.0
37210891,1904.0,1913.4,1918.7
37212891,1907.0,1913.0,1915.2
37214890,1904.0,1915.4,1911.8
37216891,1879.0,1907.4,1902.0
37218890,1885.0,1895.8,1896.9
37220891,1899.0,1894.8,1897.5
37222890,2043.0,1922.0,1941.2
37224891,1865.0,1914.2,1918.3
37226890,1897.0,1917.8,1911.9
37228891,1931.0,1927.0,1917.6
37230890,1927.0,1932.6,1920.5
37232891,1938.0,1911.6,1925.7
37234890,1903.0,1919.2,1918.9
37236891,1905.0,1920.8,1914.7
37238890,1901.0,1914.8,1910.6
37240891,1881.0,1905.6,1901.7
37242890,1894.0,1896.8,1899.4
37244892,1901.0,1896.4,1899.9
37246890,1903.0,1896.0,1900.8
37248891,1891.0,1894.0,1897.9
37250890,1903.0,1898.4,1899.4
37252891,1865.0,1892.6,1889.1
37254890,1902.0,1892.8,1893.0
37256891,1904.0,1893.0,1896.3
37258890,1900.0,1894.8,1897.4
37260892,1897.0,1893.6,1897.3
37262890,1897.0,1900.0,1897.2
37264891,1909.0,1901.4,1900.7
37266890,1890.0,1898.6,1897.5
37268891,1920.0,1902.6,1904.3
37270890,1894.0,1902.0,1901.2
37272891,1904.0,1903.4,1902.0
37274890,1860.0,1893.6,1889.4
37276891,1920.0,1899.6,1898.6
37278890,1918.0,1899.2,1904.4
37280891,1891.0,1898.6,1900.4
37282890,1914.0,1900.6,1904.5
37284891,1903.0,1909.2,1904.0
37286890,1893.0,1903.8,1900.7
37288891,1905.0,1901.2,1902.0
37290890,1907.0,1904.4,1903.5
37292891,1907.0,1903.0,1904.6
37294890,1899.0,1902.2,1902.9
37296891,1923.0,1908.2,1908.9
37298890,1907.0,1908.6,1908.3
37300891,1909.0,1909.0,1908.5
37302890,1933.0,1914.2,1915.9
37304891,1903.0,1915.0,1912.0
37306891,1915.0,1913.4,1912.9
37308891,1906.0,1913.2,1910.8
37310891,1900.0,1911.4,1907.6
37312891,1906.0,1906.0,1907.1
37314890,1879.0,1901.2,1898.7
37316891,1890.0,1896.2,1896.1
37318890,1903.0,1895.6,1898.2
37320891,1872.0,1890.0,1890.3
37322890,1907.0,1890.2,1895.3
37324891,1933.0,1901.0,1906.6
37326890,1872.0,1897.4,1896.2
37328891,1845.0,1885.8,1880.9
37330890,1891.0,1889.6,1883.9
37332891,1886.0,1885.4,1884.5
37334890,1895.0,1877.8,1887.7
37336891,1889.0,1881.2,1888.1
37338890,1891.0,1890.4,1888.9
37340891,1905.0,1893.2,1893.8
37342890,1841.0,1884.2,1877.9
37344891,1902.0,1885.6,1885.2
37346890,1888.0,1885.4,1886.0
37348891,1894.0,1886.0,1888.4
37350891,1859.0,1876.8,1879.6
37352891,1895.0,1887.6,1884.2
37354890,1893.0,1885.8,1886.8
37356891,1916.0,1891.4,1895.6
37358890,1902.0,1893.0,1897.5
37360891,1818.0,1884.8,1873.7
37362891,1889.0,1883.6,1878.3
37364891,1938.0,1892.6,1896.2
37366890,1899.0,1889.2,1897.0
37368891,1888.0,1886.4,1894.3
37370890,1889.0,1900.6,1892.7
37372891,1873.0,1897.4,1886.8
37374890,1904.0,1890.6,1892.0
37376891,1883.0,1887.4,1889.3
37378890,1899.0,1889.6,1892.2
37380891,1906.0,1893.0,1896.3
37382890,1920.0,1902.4,1903.4
37384891,1913.0,1904.2,1906.3
37386890,1915.0,1910.6,1908.9
37388891,1889.0,1908.6,1902.9
37390890,1891.0,1905.6,1899.4
37392891,1937.0,1909.0,1910.7
37394890,1910.0,1908.4,1910.5
37396891,1915.0,1908.4,1911.8
37398890,1901.0,1910.8,1908.6
37400891,1946.0,1921.8,1919.8
37402890,1907.0,1915.8,1916.0
37404891,1903.0,1914.4,1912.1
37406890,1904.0,1912.2,1909.7
37408891,1904.0,1912.8,1908.0
37410890,1885.0,1900.6,1901.1
37412892,1898.0,1898.8,1900.1
37414890,1909.0,1900.0,1902.8
37416891,1888.0,1896.8,1898.4
37418890,1904.0,1896.8,1900.1
37420891,1902.0,1900.2,1900.6
37422890,1907.0,1902.0,1902.5
37424891,1904.0,1901.0,1903.0
37426891,1893.0,1902.0,1900.0
37428891,1888.0,1898.8,1896.4
37430890,1904.0,1899.2,1898.7
37432891,1903.0,1898.4,1900.0
37434890,1877.0,1893.0,1893.1
37436891,1901.0,1894.6,1895.5
37438890,1885.0,1894.0,1892.3
37440891,1893.0,1891.8,1892.5
37442890,1901.0,1891.4,1895.1
37444891,1895.0,1895.0,1895.0
37446890,1927.0,1900.2,1904.6
37448891,1906.0,1904.4,1905.0
37450890,1899.0,1905.6,1903.2
37452891,1883.0,1902.0,1897.2
37454890,1890.0,1901.0,1895.0
37456891,1909.0,1897.4,1899.2
37458890,1903.0,1896.8,1900.3
37460891,1901.0,1897.2,1900.5
37462891,1874.0,1895.4,1892.6
37464891,1915.0,1900.4,1899.3
37466890,1899.0,1898.4,1899.2
37468891,1895.0,1896.8,1897.9
37470890,1893.0,1895.2,1896.5
37472891,1891.0,1898.6,1894.8
37474890,1892.0,1894.0,1894.0
37476891,1875.0,1889.2,1888.3
37478890,1908.0,1891.8,1894.2
37480891,1898.0,1892.8,1895.3
37482890,1910.0,1896.6,1899.7
37484891,1904.0,1899.0,1901.0
37486890,1909.0,1905.8,1903.4
37488891,1903.0,1904.8,1903.3
37490890,1901.0,1905.4,1902.6
37492891,1915.0,1906.4,1906.3
37494890,1911.0,1907.8,1907.7
37496891,1906.0,1907.2,1907.2
37498890,1898.0,1906.2,1904.4
37500891,1921.0,1910.2,1909.4
37502890,1911.0,1909.4,1909.9
37504891,1918.0,1910.8,1912.3
37506890,1904.0,1910.4,1909.8
37508891,1916.0,1914.0,1911.7
37510890,1911.0,1912.0,1911.5
37512891,1901.0,1910.0,1908.3
37514890,1919.0,1910.2,1911.5
37516891,1906.0,1910.6,1909.9
37518890,1894.0,1906.2,1905.1
37520891,1897.0,1903.4,1902.7
37522890,1897.0,1902.6,1901.0
37524892,1840.0,1886.8,1882.7
37526890,1886.0,1882.8,1883.7
37528891,1891.0,1882.2,1885.9
37530890,1895.0,1881.8,1888.6
37532891,1898.0,1882.0,1891.4
37534890,1886.0,1891.2,1889.8
37536891,1904.0,1894.8,1894.1
37538890,1933.0,1903.2,1905.7
37540891,1894.0,1903.0,1902.2
37542890,1886.0,1900.6,1897.4
37544891,1901.0,1903.6,1898.4
37546890,1890.0,1900.8,1895.9
37548891,1900.0,1894.2,1897.1
37550890,1895.0,1894.4,1896.5
37552891,1904.0,1898.0,1898.7
37554890,1904.0,1898.6,1900.3
37556892,1895.0,1899.6,1898.7
37558890,1904.0,1900.4,1900.3
37560891,1900.0,1901.4,1900.2
37562890,1907.0,1902.0,1902.3
37564891,1904.0,1902.0,1902.8
37566890,1903.0,1903.6,1902.8
37568891,1893.0,1901.4,1899.9
37570890,1877.0,1896.8,1893.0
37572891,1875.0,1890.4,1887.6
37574890,1904.0,1890.4,1892.5
37576891,1927.0,1895.2,1902.9
37578890,1882.0,1893.0,1896.6
37580891,1905.0,1898.6,1899.1
37582890,1904.0,1904.4,1900.6
37584891,1887.0,1901.0,1896.5
37586890,1909.0,1897.4,1900.3
37588891,1915.0,1904.0,1904.7
37590890,1909.0,1904.8,1906.0
37592892,1914.0,1906.8,1908.4
37594890,1906.0,1910.6,1907.7
37596891,1904.0,1909.6,1906.6
37598890,1910.0,1908.6,1907.6
37600891,1939.0,1914.6,1917.0
37602891,1910.0,1913.8,1914.9
37604891,1919.0,1916.4,1916.1
37606891,1925.0,1920.6,1918.8
37608891,1891.0,1916.8,1910.5
37610890,1906.0,1910.2,1909.1
37612891,1904.0,1909.0,1907.6
37614890,1903.0,1905.8,1906.2
37616891,1907.0,1902.2,1906.4
37618890,1903.0,1904.6,1905.4
37620891,1895.0,1902.4,1902.3
37622890,1901.0,1901.8,1901.9
37624891,1903.0,1901.8,1902.2
37626890,1910.0,1902.4,1904.6
37628891,1901.0,1902.0,1903.5
37630890,1920.0,1907.0,1908.4
37632891,1898.0,1906.4,1905.3
37634890,1897.0,1905.2,1902.8
37636891,1904.0,1904.0,1903.2
37638890,1895.0,1902.8,1900.7
37640891,1899.0,1898.6,1900.2
37642890,1901.0,1899.2,1900.4
37644891,1901.0,1900.0,1900.6
37646890,1903.0,1899.8,1901.3
37648891,1879.0,1896.6,1894.6
37650890,1902.0,1897.2,1896.8
37652891,1901.0,1897.2,1898.1
37654890,1925.0,1902.0,1906.2
37656891,1881.0,1897.6,1898.6
37658890,1889.0,1899.6,1895.7
37660891,1893.0,1897.8,1894.9
37662890,1897.0,1897.0,1895.5
37664891,1905.0,1893.0,1898.4
37666890,1889.0,1894.6,1895.6
37668891,1911.0,1899.0,1900.2
37670890,1904.0,1901.2,1901.3
37672891,1901.0,1902.0,1901.2
37674890,1903.0,1901.6,1901.8
37676891,1904.0,1904.6,1902.4
37678890,1892.0,1900.8,1899.3
37680891,1913.0,1902.6,1903.4
37682890,1914.0,1905.2,1906.6
37684891,1905.0,1905.6,1906.1
37686890,1916.0,1908.0,1909.1
37688891,1919.0,1913.4,1912.1
37690890,1919.0,1914.6,1914.1
37692891,1914.0,1914.6,1914.1
37694890,1923.0,1918.2,1916.8
37696891,1910.0,1917.0,1914.7
37698890,1922.0,1917.6,1916.9
37700891,1904.0,1914.6,1913.0
37702890,1910.0,1913.8,1912.1
37704891,1910.0,1911.2,1911.5
37706890,1903.0,1909.8,1908.9
37708891,1902.0,1905.8,1906.9
37710890,1919.0,1908.8,1910.5
37712891,1917.0,1910.2,1912.5
37714890,1905.0,1909.2,1910.2
37716891,1919.0,1912.4,1912.9
37718890,1900.0,1912.0,1909.0
37720892,1875.0,1903.2,1898.8
37722890,1905.0,1900.8,1900.7
37724891,1902.0,1900.2,1901.1
37726890,1889.0,1894.2,1897.4
37728891,1886.0,1891.4,1894.0
37730890,1910.0,1898.4,1898.8
37732891,1900.0,1897.4,1899.2
37734890,1894.0,1895.8,1897.6
37736891,1922.0,1902.4,1904.9
37738890,1899.0,1905.0,1903.2
37740891,1893.0,1901.6,1900.1
37742890,1885.0,1898.6,1895.6
37744891,1897.0,1899.2,1896.0
37746890,1895.0,1893.8,1895.7
37748892,1888.0,1891.6,1893.4
37750891,1898.0,1892.6,1894.8
37752891,1897.0,1895.0,1895.4
37754890,1897.0,1895.0,1895.9
37756891,1892.0,1894.4,1894.7
37758890,1890.0,1894.8,1893.3
37760891,1899.0,1895.0,1895.0
37762891,1890.0,1893.6,1893.5
37764891,1899.0,1894.0,1895.2
37766890,1914.0,1898.4,1900.8
37768891,1895.0,1899.4,1899.1
37770890,1900.0,1899.6,1899.3
37772891,1906.0,1902.8,1901.3
37774891,1899.0,1902.8,1900.6
37776891,1903.0,1900.6,1901.3
37778890,1895.0,1900.6,1899.4
37780891,1889.0,1898.4,1896.3
37782890,1901.0,1897.4,1897.7
37784891,1904.0,1898.4,1899.6
37786890,1907.0,1899.2,1901.8
37788891,1904.0,1901.0,1902.5
37790890,1934.0,1910.0,1911.9
37792891,1904.0,1910.6,1909.6
37794890,1905.0,1910.8,1908.2
37796891,1912.0,1911.8,1909.3
37798890,1911.0,1913.2,1909.8
37800891,1921.0,1910.6,1913.2
37802890,1918.0,1913.4,1914.6
37804891,1899.0,1912.2,1909.9
37806890,1906.0,1911.0,1908.8
37808891,1919.0,1912.6,1911.8
37810890,1894.0,1907.2,1906.5
37812891,1898.0,1903.2,1903.9
37814890,1903.0,1904.0,1903.7
37816891,1886.0,1900.0,1898.4
37818890,1898.0,1895.8,1898.3
37820891,1920.0,1901.0,1904.8
37822890,1879.0,1897.2,1897.0
37824891,1895.0,1895.6,1896.4
37826890,1898.0,1898.0,1896.9
37828891,1877.0,1893.8,1890.9
37830890,1893.0,1888.4,1891.6
37832891,1905.0,1893.6,1895.6
37834890,1898.0,1894.2,1896.3
37836891,1901.0,1894.8,1897.7
37838890,1897.0,1898.8,1897.5
37840891,1888.0,1897.8,1894.7
37842890,1831.0,1883.0,1875.6
37844891,1874.0,1878.2,1875.1
37846890,1903.0,1878.6,1883.5
37848891,1891.0,1877.4,1885.7
37850890,1896.0,1879.0,1888.8
37852891,1906.0,1894.0,1894.0
37854891,1901.0,1899.4,1896.1
37856891,1899.0,1898.6,1897.0
37858890,1911.0,1902.6,1901.2
37860891,1901.0,1903.6,1901.1
37862890,1904.0,1903.2,1902.0
37864891,1891.0,1901.2,1898.7
37866890,1884.0,1898.2,1894.3
37868891,1904.0,1896.8,1897.2
37870890,1871.0,1890.8,1889.3
37872891,1901.0,1890.2,1892.8
37874890,1902.0,1892.4,1895.6
37876891,1899.0,1895.4,1896.6
37878890,1882.0,1891.0,1892.2
37880891,1909.0,1898.6,1897.3
37882890,1902.0,1898.8,1898.7
37884891,1906.0,1899.6,1900.9
37886890,1901.0,1900.0,1900.9
37888891,1917.0,1907.0,1905.7
37890890,1912.0,1907.6,1907.6
37892891,1910.0,1909.2,1908.3
37894890,1899.0,1907.8,1905.5
37896891,1904.0,1908.4,1905.1
37898890,1910.0,1907.0,1906.6
37900891,1904.0,1905.4,1905.8
37902890,1909.0,1905.2,1906.7
37904891,1907.0,1906.8,1906.8
37906890,1904.0,1906.8,1906.0
37908891,1908.0,1906.4,1906.6
37910890,1907.0,1907.0,1906.7
37912891,1888.0,1902.8,1901.1
37914890,1910.0,1903.4,1903.8
37916891,1906.0,1903.8,1904.4
37918890,1902.0,1902.6,1903.7
37920891,1903.0,1901.8,1903.5
37922890,1904.0,1905.0,1903.6
37924891,1903.0,1903.6,1903.5
37926890,1908.0,1904.0,1904.8
37928891,1901.0,1903.8,1903.7
37930890,1899.0,1903.0,1902.3
37932891,1898.0,1901.8,1901.0
37934890,1903.0,1901.8,1901.6
37936891,1902.0,1900.6,1901.7
37938890,1903.0,1901.0,1902.1
37940891,1887.0,1898.6,1897.6
37942890,1901.0,1899.2,1898.6
37944891,1891.0,1896.8,1896.3
37946890,1899.0,1896.2,1897.1
37948891,1893.0,1894.2,1895.9
37950890,1904.0,1897.6,1898.3
37952891,1892.0,1895.8,1896.4
37954890,1904.0,1898.4,1898.7
37956892,1883.0,1895.2,1894.0
37958890,1902.0,1897.0,1896.4
37960891,1892.0,1894.6,1895.1
37962890,1895.0,1895.2,1895.1
37964891,1890.0,1892.4,1893.5
37966890,1895.0,1894.8,1894.0
37968891,1894.0,1893.2,1894.0
37970890,1899.0,1894.6,1895.5
37972891,1899.0,1895.4,1896.5
37974890,1893.0,1896.0,1895.5
37976891,1902.0,1897.4,1897.4
37978890,1904.0,1899.4,1899.4
37980891,1898.0,1899.2,1899.0
37982890,1901.0,1899.6,1899.6
37984891,1905.0,1902.0,1901.2
37986890,1904.0,1902.4,1902.0
37988891,1917.0,1905.0,1906.5
37990890,1905.0,1906.4,1906.1
37992891,1907.0,1907.6,1906.4
37994890,1911.0,1908.8,1907.7
37996891,1913.0,1910.6,1909.3
37998890,1919.0,1911.0,1912.2
38000891,1913.0,1912.6,1912.5
38002890,1906.0,1912.4,1910.5
38004891,1905.0,1911.2,1908.9
38006890,1911.0,1910.8,1909.5
38008891,1904.0,1907.8,1907.9
38010890,1910.0,1907.2,1908.5
38012891,1902.0,1906.4,1906.5
38014890,1897.0,1904.8,1903.7
38016891,1904.0,1903.4,1903.8
38018890,1989.0,1920.4,1929.3
38020891,1902.0,1918.8,1921.1
38022890,1901.0,1918.6,1915.1
38024891,1903.0,1919.8,1911.5
38026890,1902.0,1919.4,1908.6
38028891,1901.0,1901.8,1906.3
38030890,1920.0,1905.4,1910.4
38032891,1900.0,1905.2,1907.3
38034891,1895.0,1903.6,1903.6
38036891,1893.0,1901.8,1900.4
38038890,1897.0,1901.0,1899.4
38040891,1896.0,1896.2,1898.4
38042890,1902.0,1896.6,1899.5
38044891,1898.0,1897.2,1899.0
38046890,1888.0,1896.2,1895.7
38048891,1897.0,1896.2,1896.1
38050890,1910.0,1899.0,1900.3
38052891,1903.0,1899.2,1901.1
38054890,1850.0,1889.6,1885.8
38056891,1929.0,1897.8,1898.7
38058890,1931.0,1904.6,1908.4
38060891,1888.0,1900.2,1902.3
38062890,1931.0,1905.8,1910.9
38064891,1941.0,1924.0,1919.9
38066890,1897.0,1917.6,1913.1
38068891,1903.0,1912.0,1910.0
38070890,1911.0,1916.6,1910.3
38072891,1910.0,1912.4,1910.2
38074890,1867.0,1897.6,1897.3
38076891,1897.0,1897.6,1897.2
38078890,1913.0,1899.6,1901.9
38080891,1898.0,1897.0,1900.7
38082890,1905.0,1896.0,1902.0
38084891,1907.0,1904.0,1903.5
38086891,1907.0,1906.0,1904.6
38088891,1963.0,1916.0,1922.1
38090890,1895.0,1915.4,1914.0
38092891,1915.0,1917.4,1914.3
38094890,1911.0,1918.2,1913.3
38096891,1997.0,1936.2,1938.4
38098890,1926.0,1928.8,1934.7
38100891,1904.0,1930.6,1925.5
38102890,1931.0,1933.8,1927.1
38104891,1909.0,1933.4,1921.7
38106890,1925.0,1919.0,1922.7
38108892,1898.0,1913.4,1915.3
38110890,1897.0,1912.0,1909.8
38112891,1870.0,1899.8,1897.9
38114890,1909.0,1899.8,1901.2
38116891,1901.0,1895.0,1901.1
38118890,1930.0,1901.4,1909.8
38120891,1914.0,1904.8,1911.1
38122890,1897.0,1910.2,1906.8
38124891,1885.0,1905.4,1900.3
38126890,1874.0,1900.0,1892.4
38128891,1898.0,1893.6,1894.1
38130890,1911.0,1893.0,1899.2
38132891,1887.0,1891.0,1895.5
38134890,1904.0,1894.8,1898.1
38136891,1901.0,1900.2,1898.9
38138890,1877.0,1896.0,1892.4
38140891,1898.0,1893.4,1894.1
38142890,1967.0,1909.4,1915.9
38144891,1897.0,1908.0,1910.3
38146890,1897.0,1907.2,1906.3
38148891,1887.0,1909.2,1900.5
38150890,1901.0,1909.8,1900.6
38152892,1922.0,1900.8,1907.1
38154890,1922.0,1905.8,1911.5
38156891,1904.0,1907.2,1909.3
38158890,1856.0,1901.0,1893.3
38160891,1903.0,1901.4,1896.2
38162890,1894.0,1895.8,1895.5
38164891,1902.0,1891.8,1897.5
38166890,1845.0,1880.0,1881.7
38168891,1904.0,1889.6,1888.4
38170890,1895.0,1888.0,1890.4
38172891,1897.0,1888.6,1892.4
38174890,1910.0,1890.2,1897.7
38176891,1908.0,1902.8,1900.8
38178890,1837.0,1889.4,1881.6
38180891,1936.0,1897.6,1897.9
38182890,1905.0,1899.2,1900.1
38184891,1895.0,1896.2,1898.5
38186890,1914.0,1897.4,1903.2
38188891,1911.0,1912.2,1905.5
38190890,1906.0,1906.2,1905.7
38192891,1870.0,1899.2,1895.0
38194891,1906.0,1901.4,1898.3
38196891,1914.0,1901.4,1903.0
38198890,1915.0,1902.2,1906.6
38200891,1919.0,1904.8,1910.3
38202890,1922.0,1915.2,1913.8
38204891,1920.0,1918.0,1915.7
38206890,1901.0,1915.4,1911.3
38208891,1909.0,1914.2,1910.6
38210890,1905.0,1911.4,1908.9
38212891,1896.0,1906.2,1905.0
38214890,1922.0,1906.6,1910.1
38216891,1919.0,1910.2,1912.8
38218890,1894.0,1907.2,1907.2
38220891,1943.0,1914.8,1917.9
38222890,1904.0,1916.4,1913.7
38224891,1888.0,1909.6,1906.0
38226891,1835.0,1892.8,1884.7
38228892,1892.0,1892.4,1886.9
38230890,1883.0,1880.4,1885.7
38232891,1887.0,1877.0,1886.1
38234890,1894.0,1878.2,1888.5
38236891,1904.0,1892.0,1893.1
38238890,1898.0,1893.2,1894.6
38240891,1893.0,1895.2,1894.1
38242890,1904.0,1898.6,1897.1
38244891,1902.0,1900.2,1898.6
38246890,1894.0,1898.2,1897.2
38248891,1901.0,1898.8,1898.3
38250891,1886.0,1897.4,1894.6
38252891,1898.0,1896.2,1895.6
38254890,1904.0,1896.6,1898.2
38256891,1883.0,1894.4,1893.6
38258890,1909.0,1896.0,1898.2
38260891,1909.0,1900.6,1901.5
38262890,1923.0,1905.6,1907.9
38264891,1893.0,1903.4,1903.4
38266890,1894.0,1905.6,1900.6
38268891,1863.0,1896.4,1889.3
38270890,1892.0,1893.0,1890.1
38272891,1887.0,1885.8,1889.2
38274890,1907.0,1888.6,1894.5
38276891,1904.0,1890.6,1897.4
38278890,1834.0,1884.8,1878.4
38280891,1931.0,1892.6,1894.2
38282890,1951.0,1905.4,1911.2
38284891,1891.0,1902.2,1905.1
38286890,1904.0,1902.2,1904.8
38288892,1943.0,1924.0,1916.3
38290890,1917.0,1921.2,1916.5
38292891,1890.0,1909.0,1908.5
38294890,1869.0,1904.6,1896.7
38296891,1905.0,1904.8,1899.2
38298890,1914.0,1899.0,1903.6
38300891,1920.0,1899.6,1908.5
38302890,1894.0,1900.4,1904.2
38304891,1904.0,1907.4,1904.1
38306890,1904.0,1907.2,1904.1
38308892,1907.0,1905.8,1905.0
38310890,1904.0,1902.6,1904.7
38312891,1875.0,1898.8,1895.8
38314890,1905.0,1899.0,1898.5
38316891,1898.0,1897.8,1898.4
38318890,1875.0,1891.4,1891.4
38320891,1908.0,1892.2,1896.4
38322890,1903.0,1897.8,1898.3
38324891,1897.0,1896.2,1897.9
38326890,1902.0,1897.0,1899.2
38328891,1900.0,1902.0,1899.4
38330890,1917.0,1903.8,1904.7
38332892,1899.0,1903.0,1903.0
38334890,1851.0,1893.8,1887.4
38336891,1902.0,1893.8,1891.8
38338890,1903.0,1894.4,1895.1
38340891,1904.0,1891.8,1897.8
38342890,1900.0,1892.0,1898.5
38344891,1898.0,1901.4,1898.3
38346890,1897.0,1900.4,1897.9
38348891,1896.0,1899.0,1897.3
38350890,1890.0,1896.2,1895.1
38352891,1904.0,1897.0,1897.8
38354890,1861.0,1889.6,1886.8
38356891,1886.0,1887.4,1886.5
38358890,1906.0,1889.4,1892.4
38360891,1895.0,1890.4,1893.2
38362890,1875.0,1884.6,1887.7
38364891,1886.0,1889.6,1887.2
38366890,1905.0,1893.4,1892.5
38368891,1844.0,1881.0,1878.0
38370890,1904.0,1882.8,1885.8
38372891,1909.0,1889.6,1892.7
38374890,1898.0,1892.0,1894.3
38376891,1895.0,1890.0,1894.5
38378890,1924.0,1906.0,1903.4
38380891,1889.0,1903.0,1899.1
38382890,1904.0,1902.0,1900.5
38384891,1894.0,1901.2,1898.6
38386891,1922.0,1906.6,1905.6
38388892,1902.0,1902.2,1904.5
38390890,1897.0,1903.8,1902.3
38392891,1907.0,1904.4,1903.7
38394890,1909.0,1907.4,1905.3
38396891,1908.0,1904.6,1906.1
38398890,1915.0,1907.2,1908.8
38400891,1905.0,1908.8,1907.6
38402890,1919.0,1911.2,1911.0
38404891,1935.0,1916.4,1918.2
38406891,1935.0,1921.8,1923.3
38408891,1933.0,1925.4,1926.2
38410890,1899.0,1924.2,1918.0
38412891,1903.0,1921.0,1913.5
38414890,1918.0,1917.6,1914.9
38416891,1890.0,1908.6,1907.4
38418890,1921.0,1906.2,1911.5
38420891,1904.0,1907.2,1909.2
38422890,1899.0,1906.4,1906.2
38424891,1893.0,1901.4,1902.2
38426890,1903.0,1904.0,1902.5
38428891,1891.0,1898.0,1899.0
38430890,1899.0,1897.0,1899.0
38432891,1904.0,1898.0,1900.5
38434890,1903.0,1900.0,1901.3
38436891,1899.0,1899.2,1900.6
38438890,1894.0,1899.8,1898.6
38440891,1913.0,1902.6,1902.9
38442890,1879.0,1897.6,1895.7
38444891,1904.0,1897.8,1898.2
38446890,1892.0,1896.4,1896.4
38448891,1875.0,1892.6,1889.9
38450890,1887.0,1887.4,1889.1
38452891,1904.0,1892.4,1893.5
38454890,1911.0,1893.8,1898.8
38456891,1890.0,1893.4,1896.1
38458891,1902.0,1898.8,1897.9
38460891,1904.0,1902.2,1899.7
38462890,1899.0,1901.2,1899.5
38464891,1891.0,1897.2,1897.0
38466890,1902.0,1899.6,1898.5
38468891,1895.0,1898.2,1897.4
38470890,1895.0,1896.4,1896.7
38472891,1884.0,1893.4,1892.9
38474890,1894.0,1894.0,1893.2
38476891,1897.0,1893.0,1894.4
38478890,1897.0,1893.4,1895.1
38480891,1897.0,1893.8,1895.7
38482890,1903.0,1897.6,1897.9
38484891,1913.0,1901.4,1902.4
38486890,1929.0,1907.8,1910.4
38488892,1903.0,1909.0,1908.2
38490890,1925.0,1914.6,1913.2
38492891,1903.0,1914.6,1910.2
38494890,1906.0,1913.2,1908.9
38496891,1905.0,1908.4,1907.7
38498890,1904.0,1908.6,1906.6
38500891,1921.0,1907.8,1910.9
38502890,1914.0,1910.0,1911.9
38504891,1916.0,1912.0,1913.1
38506890,1930.0,1917.0,1918.2
38508891,1907.0,1917.6,1914.8
38510890,1909.0,1915.2,1913.1
38512891,1903.0,1913.0,1910.1
38514890,1904.0,1910.6,1908.2
38516891,1881.0,1900.8,1900.1
38518890,1886.0,1896.6,1895.8
38520891,1911.0,1897.0,1900.4
38522890,1902.0,1896.8,1900.9
38524891,1887.0,1893.4,1896.7
38526890,1873.0,1891.8,1889.6
38528891,1899.0,1894.4,1892.4
38530890,1895.0,1891.2,1893.2
38532891,1886.0,1888.0,1891.0
38534890,1891.0,1888.8,1891.0
38536891,1894.0,1893.0,1891.9
38538890,1898.0,1892.8,1893.7
38540891,1904.0,1894.6,1896.8
38542890,1899.0,1897.2,1897.5
38544891,1893.0,1897.6,1896.1
38546890,1904.0,1899.6,1898.5
38548891,1909.0,1901.8,1901.6
38550890,1903.0,1901.6,1902.1
38552891,1907.0,1903.2,1903.5
38554890,1892.0,1903.0,1900.1
38556891,1891.0,1900.4,1897.4
38558890,1914.0,1901.4,1902.3
38560891,1922.0,1905.2,1908.2
38562890,1904.0,1904.6,1907.0
38564891,1916.0,1909.4,1909.7
38566890,1901.0,1911.4,1907.1
38568891,1898.0,1908.2,1904.4
38570890,1893.0,1902.4,1900.9
38572891,1904.0,1902.4,1901.9
38574890,1901.0,1899.4,1901.6
38576891,1921.0,1903.4,1907.4
38578890,1890.0,1901.8,1902.2
38580891,1898.0,1902.8,1900.9
38582890,1901.0,1902.2,1901.0
38584891,1902.0,1902.4,1901.3
38586890,1911.0,1900.4,1904.2
38588891,1932.0,1908.8,1912.5
38590891,1907.0,1910.6,1910.9
38592891,1906.0,1911.6,1909.4
38594890,1903.0,1911.8,1907.5
38596891,1913.0,1912.2,1909.1
38598890,1904.0,1906.6,1907.6
38600891,1904.0,1906.0,1906.5
38602890,1920.0,1908.8,1910.6
38604891,1907.0,1909.6,1909.5
38606890,1909.0,1908.8,1909.3
38608891,1912.0,1910.4,1910.1
38610890,1887.0,1907.0,1903.2
38612891,1904.0,1903.8,1903.4
38614890,1903.0,1903.0,1903.3
38616891,1899.0,1901.0,1902.0
38618890,1903.0,1899.2,1902.3
38620891,1906.0,1903.0,1903.4
38622890,1899.0,1902.0,1902.1
38624891,1899.0,1901.2,1901.2
38626890,1890.0,1899.4,1897.8
38628891,1889.0,1896.6,1895.2
38630890,1890.0,1893.4,1893.6
38632891,1903.0,1894.2,1896.4
38634890,1893.0,1893.0,1895.4
38636891,1895.0,1894.0,1895.3
38638890,1900.0,1896.2,1896.7
38640891,1894.0,1897.0,1895.9
38642890,1902.0,1896.8,1897.7
38644892,1900.0,1898.2,1898.4
38646890,1903.0,1899.8,1899.8
38648891,1893.0,1898.4,1897.7
38650890,1901.0,1899.8,1898.7
38652891,1893.0,1898.0,1897.0
38654891,1899.0,1897.8,1897.6
38656891,1895.0,1896.2,1896.8
38658890,1903.0,1898.2,1898.7
38660891,1905.0,1899.0,1900.6
38662890,1892.0,1898.8,1898.0
38664891,1904.0,1899.8,1899.8
38666890,1885.0,1897.8,1895.4
38668891,1889.0,1895.0,1893.5
38670890,1885.0,1891.0,1890.9
38672891,1898.0,1892.2,1893.0
38674890,1902.0,1891.8,1895.7
38676891,1893.0,1893.4,1894.9
38678890,1831.0,1881.8,1875.7
38680891,1907.0,1886.2,1885.1
38682890,1897.0,1886.0,1888.7
38684891,1901.0,1885.8,1892.4
38686891,1891.0,1885.4,1892.0
38688891,1915.0,1902.2,1898.9
38690890,1907.0,1902.2,1901.3
38692891,1850.0,1892.8,1885.9
38694890,1913.0,1895.2,1894.0
38696891,1911.0,1899.2,1899.1
38698890,1906.0,1897.4,1901.2
38700891,1905.0,1897.0,1902.3
38702890,1914.0,1909.8,1905.8
38704891,1917.0,1910.6,1909.2
38706890,1887.0,1905.8,1902.5
38708891,1926.0,1909.8,1909.6
38710890,1910.0,1910.8,1909.7
38712891,1903.0,1908.6,1907.7
38714890,1904.0,1906.0,1906.6
38716891,1907.0,1910.0,1906.7
38718890,1895.0,1903.8,1903.2
38720891,1902.0,1902.2,1902.8
38722890,1902.0,1902.0,1902.6
38724891,1902.0,1901.6,1902.4
38726890,1904.0,1901.0,1902.9
38728891,1917.0,1905.4,1907.1
38730890,1930.0,1911.0,1914.0
38732892,1906.0,1911.8,1911.6
38734890,1891.0,1909.6,1905.4
38736891,1893.0,1907.4,1901.7
38738890,1886.0,1901.2,1897.0
38740891,1904.0,1896.0,1899.1
38742890,1902.0,1895.2,1900.0
38744891,1895.0,1896.0,1898.5
38746890,1902.0,1897.8,1899.5
38748891,1898.0,1900.2,1899.1
38750890,1891.0,1897.6,1896.7
38752891,1904.0,1898.0,1898.9
38754890,1904.0,1899.8,1900.4
38756891,1903.0,1900.0,1901.2
38758890,1903.0,1901.0,1901.7
38760891,1889.0,1900.6,1897.9
38762890,1894.0,1898.6,1896.7
38764891,1904.0,1898.6,1898.9
38766890,1921.0,1902.2,1905.5
38768891,1904.0,1902.4,1905.1
38770890,1887.0,1902.0,1899.7
38772891,1904.0,1904.0,1901.0
38774890,1900.0,1903.2,1900.7
38776891,1898.0,1898.6,1899.9
38778890,1900.0,1897.8,1899.9
38780891,1901.0,1900.6,1900.2
38782890,1904.0,1900.6,1901.4
38784891,1904.0,1901.4,1902.2
38786890,1905.0,1902.8,1903.0
38788891,1905.0,1903.8,1903.6
38790890,1914.0,1906.4,1906.7
38792891,1905.0,1906.6,1906.2
38794890,1911.0,1908.0,1907.6
38796891,1904.0,1907.8,1906.6
38798890,1901.0,1907.0,1904.9
38800891,1904.0,1905.0,1904.6
38802890,1904.0,1904.8,1904.4
38804891,1910.0,1904.6,1906.1
38806890,1904.0,1904.6,1905.5
38808891,1904.0,1905.2,1905.0
38810890,1906.0,1905.6,1905.3
38812891,1899.0,1904.6,1903.4
38814890,1906.0,1903.8,1904.2
38816891,1904.0,1903.8,1904.1
38818890,1893.0,1901.6,1900.8
38820891,1904.0,1901.2,1901.8
38822890,1894.0,1900.2,1899.4
38824891,1904.0,1899.8,1900.8
38826890,1899.0,1898.8,1900.3
38828891,1895.0,1899.2,1898.7
38830890,1897.0,1897.8,1898.2
38832891,1894.0,1897.8,1896.9
38834890,1902.0,1897.4,1898.4
38836891,1909.0,1899.4,1901.6
38838890,1903.0,1901.0,1902.0
38840892,1907.0,1903.0,1903.5
38842890,1894.0,1903.0,1900.7
38844891,1898.0,1902.2,1899.9
38846890,1904.0,1901.2,1901.1
38848891,1898.0,1900.2,1900.2
38850890,1903.0,1899.4,1901.0
38852892,1911.0,1902.8,1904.0
38854890,1898.0,1902.8,1902.2
38856891,1899.0,1901.8,1901.2
38858890,1903.0,1902.8,1901.8
38860891,1892.0,1900.6,1898.8
38862890,1900.0,1898.4,1899.2
38864891,1904.0,1899.6,1900.6
38866890,1903.0,1900.4,1901.3
38868891,1901.0,1900.0,1901.2
38870890,1902.0,1902.0,1901.5
38872891,1885.0,1899.0,1896.5
38874890,1903.0,1898.8,1898.5
38876891,1899.0,1898.0,1898.6
38878890,1876.0,1893.0,1891.8
38880892,1904.0,1893.4,1895.5
38882890,1903.0,1897.0,1897.7
38884891,1934.0,1903.2,1908.6
38886890,1905.0,1904.4,1907.5
38888891,1904.0,1910.0,1906.5
38890890,1904.0,1910.0,1905.7
38892891,1909.0,1911.2,1906.7
38894890,1904.0,1905.2,1905.9
38896891,1907.0,1905.6,1906.2
38898890,1909.0,1906.6,1907.1
38900891,1919.0,1909.6,1910.6
38902890,1913.0,1910.4,1911.3
38904891,1911.0,1911.8,1911.2
38906890,1903.0,1911.0,1908.8
38908891,1903.0,1909.8,1907.0
38910891,1909.0,1907.8,1907.6
38912891,1901.0,1905.4,1905.6
38914890,1908.0,1904.8,1906.3
38916891,1910.0,1906.2,1907.4
38918890,1901.0,1905.8,1905.5
38920891,1931.0,1910.2,1913.2
38922890,1926.0,1915.2,1917.0
38924891,1935.0,1920.6,1922.4
38926890,1885.0,1915.6,1911.2
38928891,1901.0,1915.6,1908.1
38930890,1894.0,1908.2,1903.9
38932891,1904.0,1903.8,1903.9
38934890,1903.0,1897.4,1903.6
38936891,1894.0,1899.2,1900.8
38938890,1839.0,1886.8,1882.2
38940891,1895.0,1887.0,1886.1
38942890,1888.0,1883.8,1886.6
38944891,1904.0,1884.0,1891.8
38946890,1895.0,1884.2,1892.8
38948891,1982.0,1912.8,1919.6
38950890,1894.0,1912.6,1911.9
38952891,1920.0,1919.0,1914.3
38954890,1913.0,1920.8,1913.9
38956891,1899.0,1921.6,1909.4
38958890,1897.0,1904.6,1905.7
38960891,1888.0,1903.4,1900.4
38962890,1892.0,1897.8,1897.9
38964891,1888.0,1892.8,1894.9
38966890,1899.0,1892.8,1896.1
38968892,1904.0,1894.2,1898.5
38970890,1903.0,1897.2,1899.8
38972891,1906.0,1900.0,1901.7
38974890,1863.0,1895.0,1890.1
38976891,1901.0,1895.4,1893.4
38978890,1888.0,1892.2,1891.8
38980891,1899.0,1891.4,1893.9
38982890,1904.0,1891.0,1896.9
38984891,1904.0,1899.2,1899.1
38986890,1908.0,1900.6,1901.7
38988891,1904.0,1903.8,1902.4
38990890,1900.0,1904.0,1901.7
38992891,1916.0,1906.4,1906.0
38994890,1863.0,1898.2,1893.1
38996891,1904.0,1897.4,1896.4
38998890,1919.0,1900.4,1903.2
39000891,1920.0,1904.4,1908.2
39002890,1872.0,1895.6,1897.3
39004891,1917.0,1906.4,1903.2
39006890,1936.0,1912.8,1913.1
39008891,1938.0,1916.6,1920.5
39010890,1907.0,1914.0,1916.5
39012891,1904.0,1920.4,1912.7
39014891,1921.0,1921.2,1915.2
39016891,1925.0,1919.0,1918.2
39018890,1901.0,1911.6,1913.0
39020892,1898.0,1909.8,1908.5
39022890,1872.0,1903.4,1897.6
39024891,1862.0,1891.6,1886.9
39026890,1899.0,1886.4,1890.5
39028891,1904.0,1887.0,1894.6
39030890,1925.0,1892.4,1903.7
39032891,1899.0,1897.8,1902.3
39034890,1909.0,1907.2,1904.3
39036891,1901.0,1907.6,1903.3
39038890,1889.0,1904.6,1899.0
39040891,1902.0,1900.0,1899.9
39042890,1901.0,1900.4,1900.2
39044891,1915.0,1901.6,1904.7
39046890,1894.0,1900.2,1901.5
39048891,1899.0,1902.2,1900.7
39050890,1904.0,1902.6,1901.7
39052891,1893.0,1901.0,1899.1
39054890,1888.0,1895.6,1895.8
39056891,1898.0,1896.4,1896.4
39058890,1904.0,1897.4,1898.7
39060891,1893.0,1895.2,1897.0
39062890,1857.0,1888.0,1885.0
39064891,1904.0,1891.2,1890.7
39066890,1901.0,1891.8,1893.8
39068891,1906.0,1892.2,1897.5
39070890,1887.0,1891.0,1894.3
39072891,1895.0,1898.6,1894.5
39074890,1902.0,1898.2,1896.8
39076891,1924.0,1902.8,1904.9
39078890,1829.0,1887.4,1882.2
39080891,1889.0,1887.8,1884.2
39082890,1896.0,1888.0,1887.7
39084891,1945.0,1896.6,1904.9
39086890,1915.0,1894.8,1907.9
39088891,1979.0,1924.8,1929.3
39090890,1846.0,1916.2,1904.3
39092891,1927.0,1922.4,1911.1
39094890,1904.0,1914.2,1909.0
39096891,1904.0,1912.0,1907.5
39098890,1915.0,1899.2,1909.7
39100891,1846.0,1899.2,1890.6
39102890,1911.0,1896.0,1896.7
39104891,1907.0,1896.6,1899.8
39106890,1917.0,1899.2,1905.0
39108891,1900.0,1896.2,1903.5
39110890,1891.0,1905.2,1899.7
39112891,1922.0,1907.4,1906.4
39114890,1897.0,1905.4,1903.6
39116891,1922.0,1906.4,1909.1
39118890,1931.0,1912.6,1915.7
39120891,1891.0,1912.6,1908.3
39122890,1906.0,1909.4,1907.6
39124891,1909.0,1911.8,1908.0
39126890,1914.0,1910.2,1909.8
39128891,1900.0,1904.0,1906.9
39130890,1899.0,1905.6,1904.5
39132891,1872.0,1898.8,1894.8
39134890,1914.0,1899.8,1900.5
39136891,1895.0,1896.0,1898.9
39138890,1898.0,1895.6,1898.6
39140891,1941.0,1904.0,1911.3
39142890,1886.0,1906.8,1903.7
39144891,1904.0,1904.8,1903.8
39146890,1899.0,1905.6,1902.4
39148891,1892.0,1904.4,1899.3
39150890,1890.0,1894.2,1896.5
39152891,1904.0,1897.8,1898.7
39154890,1887.0,1894.4,1895.2
39156891,1897.0,1894.0,1895.8
39158890,1894.0,1894.4,1895.2
39160891,1907.0,1897.8,1898.8
39162890,1936.0,1904.2,1909.9
39164891,1897.0,1906.2,1906.1
39166890,1913.0,1909.4,1908.1
39168891,1923.0,1915.2,1912.6
39170890,1905.0,1914.8,1910.3
39172891,1897.0,1907.0,1906.3
39174890,1895.0,1906.6,1902.9
39176891,1903.0,1904.6,1902.9
39178890,1904.0,1900.8,1903.3
39180891,1893.0,1898.4,1900.2
39182890,1906.0,1900.2,1901.9
39184891,1909.0,1903.0,1904.1
39186890,1899.0,1902.2,1902.5
39188891,1903.0,1902.0,1902.7
39190890,1920.0,1907.4,1907.9
39192891,1906.0,1907.4,1907.3
39194890,1895.0,1904.6,1903.6
39196891,1905.0,1905.8,1904.0
39198890,1910.0,1907.2,1905.8
39200891,1919.0,1907.0,1909.8
39202890,1920.0,1909.8,1912.8
39204891,1900.0,1910.8,1909.0
39206890,1909.0,1911.6,1909.0
39208891,1891.0,1907.8,1903.6
39210890,1918.0,1907.6,1907.9
39212891,1903.0,1904.2,1906.4
39214890,1906.0,1905.4,1906.3
39216891,1889.0,1901.4,1901.1
39218890,1898.0,1902.8,1900.2
39220891,1899.0,1899.0,1899.8
39222890,1879.0,1894.2,1893.6
39224891,1897.0,1892.4,1894.6
39226890,1898.0,1894.2,1895.6
39228891,1897.0,1894.0,1896.0
39230890,1903.0,1894.8,1898.1
39232891,1901.0,1899.2,1899.0
39234890,1883.0,1896.4,1894.2
39236891,1886.0,1894.0,1891.7
39238890,1898.0,1894.2,1893.6
39240891,1898.0,1893.2,1894.9
39242890,1895.0,1892.0,1895.0
39244891,1903.0,1896.0,1897.4
39246890,1895.0,1897.8,1896.7
39248891,1902.0,1898.6,1898.3
39250890,1874.0,1893.8,1891.0
39252891,1902.0,1895.2,1894.3
39254890,1893.0,1893.2,1893.9
39256891,1898.0,1893.8,1895.1
39258890,1890.0,1891.4,1893.6
39260891,1910.0,1898.6,1898.5
39262890,1897.0,1897.6,1898.1
39264891,1894.0,1897.8,1896.8
39266890,1904.0,1899.0,1899.0
39268891,1901.0,1901.2,1899.6
39270890,1901.0,1899.4,1900.0
39272891,1905.0,1901.0,1901.5
39274890,1899.0,1902.0,1900.8
39276891,1898.0,1900.8,1899.9
39278890,1903.0,1901.2,1900.9
39280891,1897.0,1900.4,1899.7
39282890,1908.0,1901.0,1902.2
39284891,1899.0,1901.0,1901.2
39286890,1895.0,1900.4,1899.4
39288891,1894.0,1898.6,1897.8
39290890,1906.0,1900.4,1900.2
39292891,1926.0,1904.0,1908.0
39294890,1907.0,1905.6,1907.7
39296891,1918.0,1910.2,1910.8
39298890,1917.0,1914.8,1912.6
39300891,1903.0,1914.2,1909.7
39302890,1914.0,1911.8,1911.0
39304891,1904.0,1911.2,1908.9
39306890,1931.0,1913.8,1915.5
39308891,1916.0,1913.6,1915.7
39310890,1899.0,1912.8,1910.7
39312891,1907.0,1911.4,1909.6
39314890,1903.0,1911.2,1907.6
39316891,1894.0,1903.8,1903.5
39318890,1906.0,1901.8,1904.3
39320891,1904.0,1902.8,1904.2
39322890,1899.0,1901.2,1902.6
39324891,1905.0,1901.6,1903.3
39326890,1901.0,1903.0,1902.6
39328891,1887.0,1899.2,1897.9
39330890,1888.0,1896.0,1895.0
39332891,1901.0,1896.4,1896.8
39334890,1904.0,1896.2,1898.9
39336891,1909.0,1897.8,1902.0
39338890,1891.0,1898.6,1898.7
39340891,1897.0,1900.4,1898.2
39342890,1910.0,1902.2,1901.7
39344891,1918.0,1905.0,1906.6
39346890,1899.0,1903.0,1904.3
39348891,1894.0,1903.6,1901.2
39350890,1891.0,1902.4,1898.2
39352891,1901.0,1900.6,1899.0
39354891,1893.0,1895.6,1897.2
39356891,1891.0,1894.0,1895.3
39358890,1904.0,1896.0,1897.9
39360891,1882.0,1894.2,1893.2
39362890,1891.0,1892.2,1892.5
39364891,1904.0,1894.4,1896.0
39366890,1900.0,1896.2,1897.2
39368892,1902.0,1895.8,1898.6
39370890,1900.0,1899.4,1899.0
39372891,1902.0,1901.6,1899.9
39374890,1904.0,1901.6,1901.1
39376891,1904.0,1902.4,1902.0
39378891,1904.0,1902.8,1902.6
39380891,1900.0,1902.8,1901.8
39382890,1892.0,1900.8,1898.9
39384891,1902.0,1900.4,1899.8
39386890,1908.0,1901.2,1902.3
39388891,1909.0,1902.2,1904.3
39390890,1915.0,1905.2,1907.5
39392891,1901.0,1907.0,1905.6
39394890,1903.0,1907.2,1904.8
39396891,1910.0,1907.6,1906.3
39398890,1908.0,1907.4,1906.8
39400891,1919.0,1908.2,1910.5
39402890,1918.0,1911.6,1912.7
39404891,1905.0,1912.0,1910.4
39406890,1908.0,1911.6,1909.7
39408891,1903.0,1910.6,1907.7
39410890,1916.0,1910.0,1910.2
39412891,1899.0,1906.2,1906.8
39414890,1907.0,1906.6,1906.9
39416892,1906.0,1906.2,1906.6
39418890,1909.0,1907.4,1907.3
39420891,1900.0,1904.2,1905.1
39422890,1904.0,1905.2,1904.8
39424891,1888.0,1901.4,1899.8
39426890,1904.0,1901.0,1901.0
39428891,1900.0,1899.2,1900.7
39430890,1904.0,1900.0,1901.7
39432891,1915.0,1902.2,1905.7
39434890,1911.0,1906.8,1907.3
39436891,1890.0,1904.0,1902.1
39438890,1890.0,1902.0,1898.5
39440891,1904.0,1902.0,1900.1
39442890,1893.0,1897.6,1898.0
39444891,1887.0,1892.8,1894.7
39446890,1889.0,1892.6,1893.0
39448891,1895.0,1893.6,1893.6
39450890,1893.0,1891.4,1893.4
39452891,1903.0,1893.4,1896.3
39454890,1900.0,1896.0,1897.4
39456891,1905.0,1899.2,1899.7
39458890,1894.0,1899.0,1898.0
39460891,1903.0,1901.0,1899.5
39462890,1891.0,1898.6,1896.9
39464891,1873.0,1893.2,1889.8
39466890,1897.0,1891.6,1891.9
39468891,1875.0,1887.8,1886.9
39470890,1894.0,1886.0,1889.0
39472891,1904.0,1888.6,1893.5
39474890,1903.0,1894.6,1896.3
39476891,1895.0,1894.2,1895.9
39478890,1903.0,1899.8,1898.1
39480891,1902.0,1901.4,1899.2
39482890,1904.0,1901.4,1900.7
39484891,1914.0,1903.6,1904.7
39486890,1904.0,1905.4,1904.5
39488891,1920.0,1908.8,1909.1
39490890,1886.0,1905.6,1902.2
39492891,1917.0,1908.2,1906.6
39494890,1910.0,1907.4,1907.6
39496891,1918.0,1910.2,1910.7
39498890,1911.0,1908.4,1910.8
39500891,1909.0,1913.0,1910.3
39502890,1904.0,1910.4,1908.4
39504891,1904.0,1909.2,1907.1
39506890,1903.0,1906.2,1905.9
39508891,1906.0,1905.2,1905.9
39510890,1905.0,1904.4,1905.6
39512892,1907.0,1905.0,1906.0
39514890,1899.0,1904.0,1903.9
39516891,1922.0,1907.8,1909.3
39518890,1888.0,1904.2,1902.9
39520891,1903.0,1903.8,1903.0
39522890,1904.0,1903.2,1903.3
39524891,1902.0,1903.8,1902.9
39526890,1904.0,1900.2,1903.2
39528891,1901.0,1902.8,1902.6
39530890,1889.0,1900.0,1898.5
39532891,1900.0,1899.2,1898.9
39534890,1894.0,1897.6,1897.5
39536891,1889.0,1894.6,1894.9
39538890,1901.0,1894.6,1896.7
39540891,1890.0,1894.8,1894.7
39542890,1901.0,1895.0,1896.6
39544891,1899.0,1896.0,1897.3
39546890,1901.0,1898.4,1898.4
39548891,1899.0,1898.0,1898.6
39550890,1886.0,1897.2,1894.8
39552891,1905.0,1898.0,1897.9
39554890,1907.0,1899.6,1900.6
39556891,1887.0,1896.8,1896.5
39558890,1921.0,1901.2,1903.9
39560891,1898.0,1903.6,1902.1
39562890,1891.0,1900.8,1898.8
39564892,1915.0,1902.4,1903.6
39566890,1895.0,1904.0,1901.1
39568891,1901.0,1900.0,1901.0
39570890,1906.0,1901.6,1902.5
39572891,1891.0,1901.6,1899.1
39574890,1886.0,1895.8,1895.1
39576891,1905.0,1897.8,1898.1
39578890,1904.0,1898.4,1899.9
39580891,1892.0,1895.6,1897.5
39582890,1904.0,1898.2,1899.5
39584891,1904.0,1901.8,1900.8
39586890,1906.0,1902.0,1902.4
39588891,1911.0,1903.4,1905.0
39590890,1911.0,1907.2,1906.8
39592891,1908.0,1908.0,1907.1
39594890,1919.0,1911.0,1910.7
39596891,1916.0,1913.0,1912.3
39598890,1901.0,1911.0,1908.9
39600891,1910.0,1910.8,1909.2
39602890,1904.0,1910.0,1907.7
39604892,1919.0,1910.0,1911.1
39606890,1905.0,1907.8,1909.2
39608891,1902.0,1908.0,1907.1
39610890,1911.0,1908.2,1908.2
39612891,1905.0,1908.4,1907.3
39614891,1903.0,1905.2,1906.0
39616891,1904.0,1905.0,1905.4
39618890,1898.0,1904.2,1903.2
39620891,1875.0,1897.0,1894.7
39622890,1886.0,1893.2,1892.1
39624891,1895.0,1891.6,1893.0
39626890,1904.0,1891.6,1896.3
39628891,1901.0,1892.2,1897.7
39630890,1901.0,1897.4,1898.7
39632891,1905.0,1901.2,1900.6
39634890,1871.0,1896.4,1891.7
39636891,1902.0,1896.0,1894.8
39638890,1898.0,1895.4,1895.8
39640891,1898.0,1894.8,1896.4
39642890,1891.0,1892.0,1894.8
39644891,1897.0,1897.2,1895.5
39646890,1893.0,1895.4,1894.7
39648891,1904.0,1896.6,1897.5
39650890,1901.0,1897.2,1898.6
39652891,1921.0,1903.2,1905.3
39654890,1903.0,1904.4,1904.6
39656891,1884.0,1902.6,1898.4
39658890,1898.0,1901.4,1898.3
39660891,1904.0,1902.0,1900.0
39662890,1872.0,1892.2,1891.6
39664891,1905.0,1892.6,1895.6
39666890,1901.0,1896.0,1897.2
39668891,1893.0,1895.0,1896.0
39670890,1902.0,1894.6,1897.8
39672891,1895.0,1899.2,1896.9
39674890,1901.0,1898.4,1898.2
39676891,1869.0,1892.0,1889.4
39678890,1895.0,1892.4,1891.1
39680891,1904.0,1892.8,1895.0
39682890,1903.0,1894.4,1897.4
39684891,1909.0,1896.0,1900.9
39686890,1907.0,1903.6,1902.7
39688891,1907.0,1906.0,1904.0
39690890,1913.0,1907.8,1906.7
39692891,1911.0,1909.4,1908.0
39694890,1916.0,1910.8,1910.4
39696891,1905.0,1910.4,1908.8
39698890,1904.0,1909.8,1907.3
39700891,1919.0,1911.0,1910.8
39702890,1913.0,1911.4,1911.5
39704891,1907.0,1909.6,1910.1
39706890,1909.0,1910.4,1909.8
39708891,1907.0,1911.0,1909.0
39710890,1907.0,1908.6,1908.4
39712891,1903.0,1906.6,1906.8
39714890,1887.0,1902.6,1900.8
39716891,1919.0,1904.6,1906.3
39718890,1899.0,1903.0,1904.1
39720891,1904.0,1902.4,1904.1
39722890,1897.0,1901.2,1901.9
39724891,1938.0,1911.4,1912.8
39726890,1904.0,1908.4,1910.1
39728891,1866.0,1901.8,1896.9
39730890,1895.0,1900.0,1896.3
39732891,1904.0,1901.4,1898.6
39734890,1899.0,1893.6,1898.7
39736891,1899.0,1892.6,1898.8
39738890,1895.0,1898.4,1897.7
39740891,1920.0,1903.4,1904.4
39742890,1898.0,1902.2,1902.5
39744891,1901.0,1902.6,1902.0
39746890,1899.0,1902.6,1901.1
39748891,1859.0,1895.4,1888.5
39750890,1936.0,1898.6,1902.7
39752891,1896.0,1898.2,1900.7
39754890,1901.0,1898.2,1900.8
39756891,1898.0,1898.0,1900.0
39758890,1899.0,1906.0,1899.7
39760891,1887.0,1896.2,1895.9
39762890,1918.0,1900.6,1902.5
39764891,1899.0,1900.2,1901.5
39766890,1891.0,1898.8,1898.3
39768891,1905.0,1900.0,1900.3
39770890,1884.0,1899.4,1895.4
39772891,1897.0,1895.2,1895.9
39774890,1805.0,1876.4,1868.6
39776892,1898.0,1877.8,1877.4
39778890,1904.0,1877.6,1885.4
39780891,1895.0,1879.8,1888.3
39782890,1904.0,1881.2,1893.0
39784891,1905.0,1901.2,1896.6
39786890,1902.0,1902.0,1898.2
39788891,1918.0,1904.8,1904.2
39790890,1909.0,1907.6,1905.6
39792891,1915.0,1909.8,1908.4
39794890,1921.0,1913.0,1912.2
39796891,1907.0,1914.0,1910.6
39798890,1904.0,1911.2,1908.6
39800891,1884.0,1906.2,1901.3
39802890,1874.0,1898.0,1893.1
39804891,1909.0,1895.6,1897.9
39806890,1921.0,1898.4,1904.8
39808891,1903.0,1898.2,1904.3
39810890,1904.0,1902.2,1904.2
39812891,1914.0,1910.2,1907.1
39814890,1889.0,1906.2,1901.7
39816891,1893.0,1900.6,1899.1
39818890,1904.0,1900.8,1900.6
39820891,1891.0,1898.2,1897.7
39822891,1904.0,1896.2,1899.6
39824891,1901.0,1898.6,1900.0
39826891,1899.0,1899.8,1899.7
39828891,1831.0,1885.2,1879.1
39830890,1891.0,1885.2,1882.7
39832891,1904.0,1885.2,1889.1
39834890,1899.0,1884.8,1892.0
39836891,1891.0,1883.2,1891.7
39838890,1902.0,1897.4,1894.8
39840891,1904.0,1900.0,1897.6
39842890,1902.0,1899.6,1898.9
39844891,1892.0,1898.2,1896.8
39846890,1904.0,1900.8,1899.0
39848892,1904.0,1901.2,1900.5
39850890,1897.0,1899.8,1899.4
39852891,1890.0,1897.4,1896.6
39854890,1924.0,1903.8,1904.8
39856891,1876.0,1898.2,1896.2
39858890,1799.0,1877.2,1867.0
39860891,1904.0,1878.6,1878.1
39862890,1903.0,1881.2,1885.6
39864891,1899.0,1876.2,1889.6
39866890,1899.0,1880.8,1892.4
39868891,1917.0,1904.4,1899.8
39870890,1838.0,1891.2,1881.3
39872891,1901.0,1890.8,1887.2
39874890,1879.0,1886.8,1884.7
39876891,1904.0,1887.8,1890.5
39878890,1904.0,1885.2,1894.6
39880891,1899.0,1897.4,1895.9
39882890,1905.0,1898.2,1898.6
39884891,1906.0,1903.6,1900.8
39886890,1926.0,1908.0,1908.4
39888891,1894.0,1906.0,1904.1
39890890,1911.0,1908.4,1906.1
39892891,1897.0,1906.8,1903.4
39894891,1909.0,1907.4,1905.1
39896891,1909.0,1904.0,1906.3
39898890,1910.0,1907.2,1907.4
39900892,1911.0,1907.2,1908.5
39902890,1914.0,1910.6,1910.1
39904891,1930.0,1914.8,1916.1
39906890,1904.0,1913.8,1912.5
39908891,1905.0,1912.8,1910.2
39910890,1840.0,1898.6,1889.2
39912891,1974.0,1910.6,1914.6
39914891,1870.0,1898.6,1901.2
39916891,1909.0,1899.6,1903.6
39918890,1899.0,1898.4,1902.2
39920891,1927.0,1915.8,1909.6
39922890,1885.0,1898.0,1902.2
39924891,1898.0,1903.6,1901.0
39926891,1856.0,1893.0,1887.5
39928891,1899.0,1893.0,1890.9
39930890,1946.0,1896.8,1907.5
39932891,1876.0,1895.0,1898.0
39934890,1904.0,1896.2,1899.8
